FECHA (YYMMDD);HORA (HHMM);Registros validados;Registros preliminares;Registros no validados;
130301;0000;34,3333;;;
130302;0000;25,25;;;
130303;0000;19,25;;;
130304;0000;14,75;;;
130305;0000;10,4167;;;
130306;0000;18,125;;;
130307;0000;38,875;;;
130308;0000;22,8333;;;
130309;0000;37,3333;;;
130310;0000;27,25;;;
130311;0000;42,8333;;;
130312;0000;89,4166;;;
130313;0000;56,3333;;;
130314;0000;;;402,217;
130315;0000;117,042;;;
130316;0000;81,25;;;
130317;0000;44,5833;;;
130318;0000;56,5416;;;
130319;0000;18,125;;;
130320;0000;29,875;;;
130321;0000;16,0833;;;
130322;0000;30,2727;;;
130323;0000;28,1667;;;
130324;0000;19,5417;;;
130325;0000;21,0417;;;
130326;0000;39,6666;;;
130327;0000;41;;;
130328;0000;53,5833;;;
130329;0000;49;;;
130330;0000;66,625;;;
130331;0000;139,708;;;
130401;0000;92,0833;;;
130402;0000;77,2916;;;
130403;0000;60;;;
130404;0000;13,375;;;
130405;0000;31,7826;;;
130406;0000;17,7917;;;
130407;0000;24,125;;;
130408;0000;25,2083;;;
130409;0000;60,3043;;;
130410;0000;50,3333;;;
130411;0000;63,3478;;;
130412;0000;53,4583;;;
130413;0000;38,9166;;;
130414;0000;26,5833;;;
130415;0000;83,9564;;;
130416;0000;26,25;;;
130417;0000;29,2273;;;
130418;0000;12,0417;;;
130419;0000;36,5416;;;
130420;0000;129,75;;;
130421;0000;101,375;;;
130422;0000;103,583;;;
130423;0000;116,167;;;
130424;0000;78,25;;;
130425;0000;34,8695;;;
130426;0000;54;;;
130427;0000;31,5417;;;
130428;0000;33,4166;;;
130429;0000;42,2083;;;
130430;0000;37,0416;;;
130501;0000;83,2916;;;
130502;0000;119,317;;;
130503;0000;118,167;;;
130504;0000;32,6086;;;
130505;0000;31,1182;;;
130506;0000;21,5833;;;
130507;0000;58,2916;;;
130508;0000;23,25;;;
130509;0000;27,5;;;
130510;0000;32,5416;;;
130511;0000;29,625;;;
130512;0000;27,7619;;;
130513;0000;82,5;;;
130514;0000;121,292;;;
130515;0000;98,1666;;;
130516;0000;46,2173;;;
130517;0000;37,0416;;;
130518;0000;126,087;;;
130519;0000;128,958;;;
130520;0000;85,8333;;;
130521;0000;115,417;;;
130522;0000;60,75;;;
130523;0000;92,8167;;;
130524;0000;151,583;;;
130525;0000;54,675;;;
130526;0000;71,3333;;;
130527;0000;225,875;;;
130528;0000;232;;;
130529;0000;76,7083;;;
130530;0000;;;;
130531;0000;;;;
130601;0000;70,7083;;;
130602;0000;39,0416;;;
130603;0000;188,167;;;
130604;0000;106,083;;;
130605;0000;45,6458;;;
130606;0000;59,5652;;;
130607;0000;37,3333;;;
130608;0000;21,9583;;;
130609;0000;25,1667;;;
130610;0000;39,6791;;;
130611;0000;41,4791;;;
130612;0000;42,7916;;;
130613;0000;116;;;
130614;0000;175,875;;;
130615;0000;76,8695;;;
130616;0000;37,3333;;;
130617;0000;69,3912;;;
130618;0000;62,3043;;;
130619;0000;39,375;;;
130620;0000;34,125;;;
130621;0000;37,375;;;
130622;0000;43,7083;;;
130623;0000;54,5833;;;
130624;0000;43,9583;;;
130625;0000;32,75;;;
130626;0000;83,6666;;;
130627;0000;113,208;;;
130628;0000;42,1666;;;
130629;0000;59,0416;;;
130630;0000;141,667;;;
130701;0000;183,958;;;
130702;0000;70,2999;;;
130703;0000;90,125;;;
130704;0000;103;;;
130705;0000;230,727;;;
130706;0000;95,875;;;
130707;0000;77,7083;;;
130708;0000;213,913;;;
130709;0000;200,833;;;
130710;0000;139,167;;;
130711;0000;;;330,417;
130712;0000;;;594,041;
130713;0000;41,7916;;;
130714;0000;47,5;;;
130715;0000;74,1666;;;
130716;0000;62,8208;;;
130717;0000;111,542;;;
130718;0000;106;;;
130719;0000;105,208;;;
130720;0000;214,167;;;
130721;0000;253,958;;;
130722;0000;92,1666;;;
130723;0000;48,1666;;;
130724;0000;30,5;;;
130725;0000;45,2083;;;
130726;0000;58,0833;;;
130727;0000;43,4583;;;
130728;0000;184,5;;;
130729;0000;146,708;;;
130730;0000;319,292;;;
130731;0000;337,375;;;
130801;0000;155,458;;;
130802;0000;166,208;;;
130803;0000;95,0833;;;
130804;0000;162,417;;;
130805;0000;98,625;;;
130806;0000;150,833;;;
130807;0000;63,2083;;;
130808;0000;39,1666;;;
130809;0000;59,375;;;
130810;0000;49,375;;;
130811;0000;79,4166;;;
130812;0000;77,4166;;;
130813;0000;46,8333;;;
130814;0000;35,2083;;;
130815;0000;62,625;;;
130816;0000;29,7917;;;
130817;0000;46,8333;;;
130818;0000;60,7916;;;
130819;0000;53,0833;;;
130820;0000;95,625;;;
130821;0000;119,083;;;
130822;0000;;;489,833;
130823;0000;141,5;;;
130824;0000;117,5;;;
130825;0000;102,042;;;
130826;0000;125,708;;;
130827;0000;62,0037;;;
130828;0000;106,302;;;
130829;0000;100,94;;;
130830;0000;82,007;;;
130831;0000;171,263;;;
130901;0000;81,8333;;;
130902;0000;123;;;
130903;0000;46,9583;;;
130904;0000;115,708;;;
130905;0000;67;;;
130906;0000;95,375;;;
130907;0000;44,2083;;;
130908;0000;47,875;;;
130909;0000;79,375;;;
130910;0000;73,25;;;
130911;0000;72,1666;;;
130912;0000;115,625;;;
130913;0000;202,292;;;
130914;0000;220,75;;;
130915;0000;211,25;;;
130916;0000;83,375;;;
130917;0000;54,9545;;;
130918;0000;33;;;
130919;0000;30,4167;;;
130920;0000;37,0833;;;
130921;0000;64,125;;;
130922;0000;78,6666;;;
130923;0000;85,4166;;;
130924;0000;136,667;;;
130925;0000;55,375;;;
130926;0000;85,4583;;;
130927;0000;147,417;;;
130928;0000;76,4583;;;
130929;0000;64,3333;;;
130930;0000;73,7916;;;
131001;0000;39,4583;;;
131002;0000;46,2916;;;
131003;0000;47,4583;;;
131004;0000;21,875;;;
131005;0000;19,125;;;
131006;0000;21,9167;;;
131007;0000;37,125;;;
131008;0000;36,7083;;;
131009;0000;19,8333;;;
131010;0000;58,4166;;;
131011;0000;38,2916;;;
131012;0000;25,7083;;;
131013;0000;19,0833;;;
131014;0000;33,625;;;
131015;0000;18,2917;;;
131016;0000;26,2917;;;
131017;0000;12,0417;;;
131018;0000;24,5833;;;
131019;0000;15,0833;;;
131020;0000;19,2917;;;
131021;0000;15,625;;;
131022;0000;24,7917;;;
131023;0000;39,9583;;;
131024;0000;24,1667;;;
131025;0000;11,0833;;;
131026;0000;15,125;;;
131027;0000;25,1667;;;
131028;0000;41,2083;;;
131029;0000;32,75;;;
131030;0000;24,125;;;
131031;0000;;;442,599;
131101;0000;;;421,971;
131102;0000;23,5;;;
131103;0000;27,5833;;;
131104;0000;28,7083;;;
131105;0000;16;;;
131106;0000;11,375;;;
131107;0000;10,625;;;
131108;0000;71,2916;;;
131109;0000;18,625;;;
131110;0000;10,7917;;;
131111;0000;20,0417;;;
131112;0000;30,7083;;;
131113;0000;54,7083;;;
131114;0000;16,7917;;;
131115;0000;15;;;
131116;0000;11,5833;;;
131117;0000;17;;;
131118;0000;12,375;;;
131119;0000;8,875;;;
131120;0000;9,75;;;
131121;0000;15,5;;;
131122;0000;9,27272;;;
131123;0000;15,2083;;;
131124;0000;21,5417;;;
131125;0000;21,25;;;
131126;0000;16,9583;;;
131127;0000;6,16666;;;
131128;0000;7,75;;;
131129;0000;8,41666;;;
131130;0000;10,0833;;;
131201;0000;6,375;;;
131202;0000;8,875;;;
131203;0000;7,16666;;;
131204;0000;8,375;;;
131205;0000;13,0417;;;
131206;0000;13,0417;;;
131207;0000;6,95833;;;
131208;0000;6,20833;;;
131209;0000;8,16666;;;
131210;0000;6,375;;;
131211;0000;5,125;;;
131212;0000;8,125;;;
131213;0000;6,83333;;;
131214;0000;5,16666;;;
131215;0000;5,95833;;;
131216;0000;3,875;;;
131217;0000;3,45833;;;
131218;0000;6,54166;;;
131219;0000;10,1667;;;
131220;0000;5,75;;;
131221;0000;5,54166;;;
131222;0000;5,33333;;;
131223;0000;6,875;;;
131224;0000;6,95833;;;
131225;0000;6,79166;;;
131226;0000;7,25;;;
131227;0000;6,54166;;;
131228;0000;10,75;;;
131229;0000;12,6667;;;
131230;0000;8,70833;;;
131231;0000;20,3333;;;
140101;0000;18,375;;;
140102;0000;16,4583;;;
140103;0000;11,5833;;;
140104;0000;8,125;;;
140105;0000;5,70833;;;
140106;0000;10,875;;;
140107;0000;7,29166;;;
140108;0000;10,7917;;;
140109;0000;9,66666;;;
140110;0000;8,58333;;;
140111;0000;9,33333;;;
140112;0000;4,70833;;;
140113;0000;4,83333;;;
140114;0000;5,73913;;;
140115;0000;;;459,833;
140116;0000;4,75;;;
140117;0000;11,625;;;
140118;0000;7,29166;;;
140119;0000;4,875;;;
140120;0000;7,04166;;;
140121;0000;11,4583;;;
140122;0000;15,7083;;;
140123;0000;30,375;;;
140124;0000;17,3333;;;
140125;0000;8,54166;;;
140126;0000;5,25;;;
140127;0000;6,45833;;;
140128;0000;7,58333;;;
140129;0000;21,25;;;
140130;0000;7,20833;;;
140131;0000;6,66666;;;
140201;0000;11,9167;;;
140202;0000;7,70833;;;
140203;0000;9,95833;;;
140204;0000;19,375;;;
140205;0000;8,04166;;;
140206;0000;7,73913;;;
140207;0000;13,7083;;;
140208;0000;7,79166;;;
140209;0000;6,375;;;
140210;0000;10,2917;;;
140211;0000;6,91666;;;
140212;0000;13,2083;;;
140213;0000;15,375;;;
140214;0000;20,0833;;;
140215;0000;10,5833;;;
140216;0000;7,75;;;
140217;0000;4,875;;;
140218;0000;8,875;;;
140219;0000;16,0417;;;
140220;0000;8,29166;;;
140221;0000;7;;;
140222;0000;5,54166;;;
140223;0000;6,16666;;;
140224;0000;19,625;;;
140225;0000;17,5;;;
140226;0000;10,2083;;;
140227;0000;6,25;;;
140228;0000;14,2083;;;
140301;0000;9,54166;;;
140302;0000;9,375;;;
140303;0000;10,0417;;;
140304;0000;7,70833;;;
140305;0000;6,41666;;;
140306;0000;7,29166;;;
140307;0000;12,2083;;;
140308;0000;12,0417;;;
140309;0000;;;503,673;
140310;0000;;;382,961;
140311;0000;14,6667;;;
140312;0000;23,8333;;;
140313;0000;17,5417;;;
140314;0000;19,0833;;;
140315;0000;35,9583;;;
140316;0000;47,0416;;;
140317;0000;38,5833;;;
140318;0000;37,6666;;;
140319;0000;22,2083;;;
140320;0000;12,6667;;;
140321;0000;14,875;;;
140322;0000;7,29166;;;
140323;0000;34,5833;;;
140324;0000;49,3333;;;
140325;0000;19;;;
140326;0000;18,9583;;;
140327;0000;21,2083;;;
140328;0000;39,8333;;;
140329;0000;39,625;;;
140330;0000;36,0833;;;
140331;0000;115,833;;;
140401;0000;156,417;;;
140402;0000;201,708;;;
140403;0000;119,583;;;
140404;0000;120,5;;;
140405;0000;120,042;;;
140406;0000;93,5833;;;
140407;0000;64,4347;;;
140408;0000;38,5416;;;
140409;0000;45,6666;;;
140410;0000;33,625;;;
140411;0000;115,583;;;
140412;0000;150,208;;;
140413;0000;42,75;;;
140414;0000;43,0833;;;
140415;0000;31,2083;;;
140416;0000;69,4583;;;
140417;0000;27,375;;;
140418;0000;39,1666;;;
140419;0000;63,125;;;
140420;0000;106,25;;;
140421;0000;101,583;;;
140422;0000;104,125;;;
140423;0000;86,619;;;
140424;0000;101,208;;;
140425;0000;137,125;;;
140426;0000;45,4166;;;
140427;0000;29,75;;;
140428;0000;33,6666;;;
140429;0000;47,9166;;;
140430;0000;37,1666;;;
140501;0000;72,625;;;
140502;0000;75,5;;;
140503;0000;49;;;
140504;0000;52,8333;;;
140505;0000;37,5833;;;
140506;0000;226,25;;;
140507;0000;296,739;;;
140508;0000;190,375;;;
140509;0000;49,625;;;
140510;0000;92,25;;;
140511;0000;66,5833;;;
140512;0000;41,75;;;
140513;0000;44,6522;;;
140514;0000;84,375;;;
140515;0000;153,875;;;
140516;0000;62,8333;;;
140517;0000;117,333;;;
140518;0000;44,5;;;
140519;0000;65,5;;;
140520;0000;116,875;;;
140521;0000;197,75;;;
140522;0000;204,708;;;
140523;0000;34,2916;;;
140524;0000;74,7916;;;
140525;0000;30;;;
140526;0000;23,75;;;
140527;0000;104,125;;;
140528;0000;184,417;;;
140529;0000;57,3333;;;
140530;0000;89,5;;;
140531;0000;122,542;;;
140601;0000;76,4583;;;
140602;0000;115,5;;;
140603;0000;191,208;;;
140604;0000;255,409;;;
140605;0000;176,667;;;
140606;0000;138;;;
140607;0000;180,333;;;
140608;0000;93,2916;;;
140609;0000;129,261;;;
140610;0000;141,375;;;
140611;0000;102,739;;;
140612;0000;97,125;;;
140613;0000;134,25;;;
140614;0000;148,5;;;
140615;0000;65,1666;;;
140616;0000;87,5833;;;
140617;0000;216,542;;;
140618;0000;402,042;;;
140619;0000;381,5;;;
140620;0000;393,958;;;
140621;0000;179,583;;;
140622;0000;189,292;;;
140623;0000;77,5;;;
140624;0000;51,5;;;
140625;0000;67,7083;;;
140626;0000;44,125;;;
140627;0000;37,5833;;;
140628;0000;70,7916;;;
140629;0000;64,3333;;;
140630;0000;133,292;;;
140701;0000;64,0416;;;
140702;0000;162,917;;;
140703;0000;230,208;;;
140704;0000;164,833;;;
140705;0000;61,875;;;
140706;0000;59,2083;;;
140707;0000;54,5416;;;
140708;0000;219,708;;;
140709;0000;591,208;;;
140710;0000;504,667;;;
140711;0000;590,291;;;
140712;0000;171,458;;;
140713;0000;353,917;;;
140714;0000;260,75;;;
140715;0000;105,625;;;
140716;0000;94,9583;;;
140717;0000;94,0416;;;
140718;0000;63,25;;;
140719;0000;53,6522;;;
140720;0000;52;;;
140721;0000;60,1666;;;
140722;0000;53,2083;;;
140723;0000;28,375;;;
140724;0000;90,625;;;
140725;0000;113,042;;;
140726;0000;221,542;;;
140727;0000;146;;;
140728;0000;168,792;;;
140729;0000;148,083;;;
140730;0000;198,708;;;
140731;0000;67,7916;;;
140801;0000;164,333;;;
140802;0000;51,6666;;;
140803;0000;34,5416;;;
140804;0000;118,375;;;
140805;0000;144,583;;;
140806;0000;31;;;
140807;0000;46,875;;;
140808;0000;40,7083;;;
140809;0000;32,5652;;;
140810;0000;22,4583;;;
140811;0000;41,875;;;
140812;0000;26,1667;;;
140813;0000;26,7083;;;
140814;0000;36,5;;;
140815;0000;64;;;
140816;0000;57,25;;;
140817;0000;41,6666;;;
140818;0000;49,5833;;;
140819;0000;86,5833;;;
140820;0000;120;;;
140821;0000;193,409;;;
140822;0000;267,542;;;
140823;0000;119,125;;;
140824;0000;152,111;;;
140825;0000;117,375;;;
140826;0000;184,083;;;
140827;0000;211,25;;;
140828;0000;121,375;;;
140829;0000;155,792;;;
140830;0000;128,5;;;
140831;0000;126,125;;;
140901;0000;201,542;;;
140902;0000;110,958;;;
140903;0000;155,5;;;
140904;0000;162,956;;;
140905;0000;198,417;;;
140906;0000;47,5;;;
140907;0000;51,125;;;
140908;0000;50,5833;;;
140909;0000;32,1666;;;
140910;0000;33,25;;;
140911;0000;26,9167;;;
140912;0000;20,5;;;
140913;0000;20,4583;;;
140914;0000;15,75;;;
140915;0000;16,125;;;
140916;0000;13,0417;;;
140917;0000;14,625;;;
140918;0000;25,75;;;
140919;0000;46,1666;;;
140920;0000;63,0416;;;
140921;0000;34,25;;;
140922;0000;29,0417;;;
140923;0000;28,4167;;;
140924;0000;31,4583;;;
140925;0000;39,2173;;;
140926;0000;60,6666;;;
140927;0000;45,7083;;;
140928;0000;25,8333;;;
140929;0000;56,0833;;;
140930;0000;78,3333;;;
141001;0000;111,417;;;
141002;0000;59;;;
141003;0000;51,875;;;
141004;0000;15;;;
141005;0000;13,4583;;;
141006;0000;20,625;;;
141007;0000;41,7916;;;
141008;0000;32,625;;;
141009;0000;25,4167;;;
141010;0000;16,2083;;;
141011;0000;14,5833;;;
141012;0000;13,7917;;;
141013;0000;15,625;;;
141014;0000;56,5416;;;
141015;0000;41,9583;;;
141016;0000;22,7083;;;
141017;0000;40;;;
141018;0000;36,5;;;
141019;0000;40,6111;;;
141020;0000;31,9583;;;
141021;0000;31,3333;;;
141022;0000;24,6667;;;
141023;0000;22,1739;;;
141024;0000;14,9583;;;
141025;0000;9,29166;;;
141026;0000;10,25;;;
141027;0000;12,9583;;;
141028;0000;20,0833;;;
141029;0000;28;;;
141030;0000;30,1304;;;
141031;0000;46,8208;;;
141101;0000;77,9565;;;
141102;0000;77,5094;;;
141103;0000;17,1335;;;
141104;0000;12,554;;;
141105;0000;18,8134;;;
141106;0000;35,1409;;;
141107;0000;15,7699;;;
141108;0000;7,87012;;;
141109;0000;9,20316;;;
141110;0000;8,02132;;;
141111;0000;10,2622;;;
141112;0000;10,4466;;;
141113;0000;7,61507;;;
141114;0000;8,41866;;;
141115;0000;11,1851;;;
141116;0000;6,94774;;;
141117;0000;11,045;;;
141118;0000;10,7828;;;
141119;0000;10,5639;;;
141120;0000;;;;
141121;0000;9,40048;;;
141122;0000;15,2659;;;
141123;0000;8,62703;;;
141124;0000;7,67207;;;
141125;0000;6,58241;;;
141126;0000;14,0519;;;
141127;0000;11,9651;;;
141128;0000;20,0908;;;
141129;0000;12,3193;;;
141130;0000;9,26082;;;
141201;0000;9,56039;;;
141202;0000;9,87486;;;
141203;0000;6,60537;;;
141204;0000;7,12712;;;
141205;0000;7,20974;;;
141206;0000;7,63024;;;
141207;0000;;;;
141208;0000;11,9221;;;
141209;0000;15,4104;;;
141210;0000;23,0123;;;
141211;0000;6,87083;;;
141212;0000;12,3175;;;
141213;0000;6,92715;;;
141214;0000;8,32253;;;
141215;0000;5,13633;;;
141216;0000;6,0427;;;
141217;0000;6,31299;;;
141218;0000;14,0831;;;
141219;0000;11,7879;;;
141220;0000;15,2016;;;
141221;0000;16,9652;;;
141222;0000;7,52303;;;
141223;0000;6,95349;;;
141224;0000;8,16612;;;
141225;0000;6,39387;;;
141226;0000;11,1627;;;
141227;0000;11,4592;;;
141228;0000;11,3996;;;
141229;0000;9,18553;;;
141230;0000;14,8209;;;
141231;0000;22,2229;;;
150101;0000;24,0417;;;
150102;0000;11,2609;;;
150103;0000;6,41666;;;
150104;0000;7,79166;;;
150105;0000;7;;;
150106;0000;6,20833;;;
150107;0000;6,45833;;;
150108;0000;5,5;;;
150109;0000;5,125;;;
150110;0000;10,8333;;;
150111;0000;10,1667;;;
150112;0000;11,0417;;;
150113;0000;10,2083;;;
150114;0000;12,6667;;;
150115;0000;5,04166;;;
150116;0000;6,33333;;;
150117;0000;5,54166;;;
150118;0000;16,0833;;;
150119;0000;8,41666;;;
150120;0000;5,18182;;;
150121;0000;8,41666;;;
150122;0000;5,29166;;;
150123;0000;6,04166;;;
150124;0000;4,625;;;
150125;0000;4,20833;;;
150126;0000;7,73913;;;
150127;0000;7;;;
150128;0000;9,58333;;;
150129;0000;7,625;;;
150130;0000;4,91666;;;
150131;0000;4,79166;;;
150201;0000;5,625;;;
150202;0000;6,625;;;
150203;0000;7;;;
150204;0000;8,875;;;
150205;0000;5,08333;;;
150206;0000;10,0833;;;
150207;0000;7,125;;;
150208;0000;6,5;;;
150209;0000;6,33333;;;
150210;0000;5,125;;;
150211;0000;9,25;;;
150212;0000;11,75;;;
150213;0000;14;;;
150214;0000;11,3333;;;
150215;0000;11,8333;;;
150216;0000;7,16666;;;
150217;0000;15,6667;;;
150218;0000;16,3333;;;
150219;0000;11,4583;;;
150220;0000;14,1667;;;
150221;0000;19,75;;;
150222;0000;19,9167;;;
150223;0000;6,16666;;;
150224;0000;17,4167;;;
150225;0000;15,2083;;;
150226;0000;4,625;;;
150227;0000;13,6956;;;
150228;0000;6,5;;;
150301;0000;7,20833;;;
150302;0000;10,875;;;
150303;0000;8,33333;;;
150304;0000;8,375;;;
150305;0000;10,0417;;;
150306;0000;21,0417;;;
150307;0000;17,2083;;;
150308;0000;15,5;;;
150309;0000;26,25;;;
150310;0000;11,25;;;
150311;0000;19,7917;;;
150312;0000;21,8333;;;
150313;0000;7,08333;;;
150314;0000;11,9583;;;
150315;0000;21,125;;;
150316;0000;34,1739;;;
150317;0000;16,2917;;;
150318;0000;12,875;;;
150319;0000;22,625;;;
150320;0000;19,8695;;;
150321;0000;50,8333;;;
150322;0000;95,5833;;;
150323;0000;80,125;;;
150324;0000;58,7083;;;
150325;0000;92,375;;;
150326;0000;62,1739;;;
150327;0000;25,7083;;;
150328;0000;35,25;;;
150329;0000;11,5833;;;
150330;0000;17,6667;;;
150331;0000;19,75;;;
150401;0000;18,0417;;;
150402;0000;19,4167;;;
150403;0000;34,625;;;
150404;0000;32,4166;;;
150405;0000;162;;;
150406;0000;219,125;;;
150407;0000;210,75;;;
150408;0000;76,75;;;
150409;0000;26,75;;;
150410;0000;51,5416;;;
150411;0000;86,5416;;;
150412;0000;67,1304;;;
150413;0000;74,9166;;;
150414;0000;141,333;;;
150415;0000;177;;;
150416;0000;121,583;;;
150417;0000;50;;;
150418;0000;59;;;
150419;0000;27,875;;;
150420;0000;30,5417;;;
150421;0000;22,5417;;;
150422;0000;14,9167;;;
150423;0000;14,5417;;;
150424;0000;29,8333;;;
150425;0000;41,375;;;
150426;0000;73,2083;;;
150427;0000;152,792;;;
150428;0000;75,2916;;;
150429;0000;70;;;
150430;0000;33,4348;;;
150501;0000;52,1666;;;
150502;0000;39,9583;;;
150503;0000;20;;;
150504;0000;47,9166;;;
150505;0000;190,333;;;
150506;0000;312,125;;;
150507;0000;349,4;;;
150508;0000;345,75;;;
150509;0000;170,833;;;
150510;0000;92,0833;;;
150511;0000;141,542;;;
150512;0000;86,2083;;;
150513;0000;32,4583;;;
150514;0000;27,75;;;
150515;0000;59,6233;;;
150516;0000;42,2341;;;
150517;0000;47,1799;;;
150518;0000;203,836;;;
150519;0000;169,825;;;
150520;0000;87,8378;;;
150521;0000;23,8246;;;
150522;0000;50,8352;;;
150523;0000;27,1451;;;
150524;0000;18,5535;;;
150525;0000;32,4551;;;
150526;0000;131,332;;;
150527;0000;126,304;;;
150528;0000;87,7216;;;
150529;0000;27,3075;;;
150530;0000;58,6208;;;
150531;0000;85,4645;;;
150601;0000;57,5162;;;
150602;0000;114,469;;;
150603;0000;36,126;;;
150604;0000;110,908;;;
150605;0000;81,6902;;;
150606;0000;96,3704;;;
150607;0000;148,215;;;
150608;0000;154,198;;;
150609;0000;109,626;;;
150610;0000;28,6264;;;
150611;0000;27,4751;;;
150612;0000;38,1085;;;
150613;0000;54,9095;;;
150614;0000;24,4133;;;
150615;0000;25,6124;;;
150616;0000;34,3915;;;
150617;0000;39,3641;;;
150618;0000;112,331;;;
150619;0000;107,259;;;
150620;0000;42,6258;;;
150621;0000;38,7737;;;
150622;0000;169,776;;;
150623;0000;293,558;;;
150624;0000;438,278;;;
150625;0000;187,142;;;
150626;0000;98,4462;;;
150627;0000;26,475;;;
150628;0000;15,7381;;;
150629;0000;32,4202;;;
150630;0000;99,0461;;;
150701;0000;84,7657;;;
150702;0000;96,2616;;;
150703;0000;82,2303;;;
150704;0000;324,433;;;
150705;0000;132,047;;;
150706;0000;108,727;;;
150707;0000;115,386;;;
150708;0000;139,881;;;
150709;0000;76,8611;;;
150710;0000;56,0341;;;
150711;0000;38,1873;;;
150712;0000;49,0354;;;
150713;0000;38,7122;;;
150714;0000;25,1313;;;
150715;0000;62,947;;;
150716;0000;73,9032;;;
150717;0000;50,8032;;;
150718;0000;53,0295;;;
150719;0000;25,5508;;;
150720;0000;42,3912;;;
150721;0000;29,9077;;;
150722;0000;54,641;;;
150723;0000;51,5983;;;
150724;0000;89,6549;;;
150725;0000;100,828;;;
150726;0000;98,4395;;;
150727;0000;71,7399;;;
150728;0000;74,5646;;;
150729;0000;105,776;;;
150730;0000;81,9795;;;
150731;0000;151,789;;;
150801;0000;111,937;;;
150802;0000;94,2469;;;
150803;0000;68,2395;;;
150804;0000;149,523;;;
150805;0000;82,0037;;;
150806;0000;112,345;;;
150807;0000;103,696;;;
150808;0000;97,0686;;;
150809;0000;117,068;;;
150810;0000;122,529;;;
150811;0000;65,7048;;;
150812;0000;217,358;;;
150813;0000;218,87;;;
150814;0000;48,2662;;;
150815;0000;23,2727;;;
150816;0000;21,8732;;;
150817;0000;47,8856;;;
150818;0000;83,4315;;;
150819;0000;127,281;;;
150820;0000;233,934;;;
150821;0000;169,759;;;
150822;0000;60,6287;;;
150823;0000;109,539;;;
150824;0000;143,266;;;
150825;0000;118,293;;;
150826;0000;71,7979;;;
150827;0000;102,955;;;
150828;0000;73,0432;;;
150829;0000;34,2974;;;
150830;0000;;;;
150831;0000;;;;
150901;0000;107,562;;;
150902;0000;33,6645;;;
150903;0000;34,6495;;;
150904;0000;41,3199;;;
150905;0000;21,7054;;;
150906;0000;37,1122;;;
150907;0000;37,4977;;;
150908;0000;87,0603;;;
150909;0000;30,328;;;
150910;0000;35,8583;;;
150911;0000;32,2791;;;
150912;0000;31,38;;;
150913;0000;14,7275;;;
150914;0000;61,8292;;;
150915;0000;84,7141;;;
150916;0000;19,847;;;
150917;0000;27,2051;;;
150918;0000;15,8298;;;
150919;0000;37,2051;;;
150920;0000;43,9312;;;
150921;0000;58,9949;;;
150922;0000;150,796;;;
150923;0000;99,2369;;;
150924;0000;85,0577;;;
150925;0000;52,6404;;;
150926;0000;38,1445;;;
150927;0000;41,6432;;;
150928;0000;42,4862;;;
150929;0000;75,9362;;;
150930;0000;44,6998;;;
151001;0000;51,3975;;;
151002;0000;105,458;;;
151003;0000;185,819;;;
151004;0000;87,5107;;;
151005;0000;22,8858;;;
151006;0000;31,2065;;;
151007;0000;25,739;;;
151008;0000;49,1729;;;
151009;0000;75,0294;;;
151010;0000;78,3842;;;
151011;0000;54,6078;;;
151012;0000;59,6099;;;
151013;0000;30,7387;;;
151014;0000;25,5067;;;
151015;0000;29,783;;;
151016;0000;45,3237;;;
151017;0000;21,9264;;;
151018;0000;16,6451;;;
151019;0000;20,7714;;;
151020;0000;17,8228;;;
151021;0000;45,0934;;;
151022;0000;46,3261;;;
151023;0000;20,6976;;;
151024;0000;29,9927;;;
151025;0000;38,2693;;;
151026;0000;14,6534;;;
151027;0000;24,3626;;;
151028;0000;13,9107;;;
151029;0000;;;11,2457;
151030;0000;12,9442;;;
151031;0000;17,4983;;;
151101;0000;19,6068;;;
151102;0000;18,5923;;;
151103;0000;20,451;;;
151104;0000;18,5454;;;
151105;0000;17,6218;;;
151106;0000;8,64507;;;
151107;0000;6,18128;;;
151108;0000;8,94199;;;
151109;0000;14,4209;;;
151110;0000;21,7461;;;
151111;0000;7,82745;;;
151112;0000;7,89417;;;
151113;0000;11,0327;;;
151114;0000;7,53587;;;
151115;0000;7,74062;;;
151116;0000;16,7454;;;
151117;0000;32,8416;;;
151118;0000;24,0916;;;
151119;0000;20,5767;;;
151120;0000;18,5875;;;
151121;0000;27,8656;;;
151122;0000;13,7863;;;
151123;0000;9,78915;;;
151124;0000;13,9538;;;
151125;0000;13,2487;;;
151126;0000;13,997;;;
151127;0000;10,0847;;;
151128;0000;8,21428;;;
151129;0000;5,53095;;;
151130;0000;9,47673;;;
151201;0000;24,9298;;;
151202;0000;11,5188;;;
151203;0000;6,21558;;;
151204;0000;9,18674;;;
151205;0000;12,8109;;;
151206;0000;8,42744;;;
151207;0000;9,6745;;;
151208;0000;6,33657;;;
151209;0000;5,82132;;;
151210;0000;5,17841;;;
151211;0000;;;5,89928;
151212;0000;;;1,39521;
151213;0000;;;1,50829;
151214;0000;;;1,45887;
151215;0000;;;3,75954;
151216;0000;15,3478;;;
151217;0000;15,9366;;;
151218;0000;15,9536;;;
151219;0000;7,86711;;;
151220;0000;11,4162;;;
151221;0000;11,5154;;;
151222;0000;11,8305;;;
151223;0000;9,95036;;;
151224;0000;12,2798;;;
151225;0000;8,43857;;;
151226;0000;14,0064;;;
151227;0000;10,6815;;;
151228;0000;9,63008;;;
151229;0000;8,26953;;;
151230;0000;8,45181;;;
151231;0000;18,8013;;;
160101;0000;9,15137;;;
160102;0000;6,96353;;;
160103;0000;9,00612;;;
160104;0000;10,9798;;;
160105;0000;13,1788;;;
160106;0000;5,18359;;;
160107;0000;7,06178;;;
160108;0000;6,31643;;;
160109;0000;4,19774;;;
160110;0000;1,92883;;;
160111;0000;2,64404;;;
160112;0000;2,81862;;;
160113;0000;1,731;;;
160114;0000;3,28424;;;
160115;0000;4,12582;;;
160116;0000;5,2352;;;
160117;0000;2,19912;;;
160118;0000;4,38691;;;
160119;0000;4,67041;;;
160120;0000;6,14537;;;
160121;0000;7,81745;;;
160122;0000;1,80712;;;
160123;0000;3,77991;;;
160124;0000;5,48958;;;
160125;0000;6,09782;;;
160126;0000;11,929;;;
160127;0000;10,7976;;;
160128;0000;2,65058;;;
160129;0000;5,99412;;;
160130;0000;7,86836;;;
160131;0000;4,88903;;;
160201;0000;6,24466;;;
160202;0000;6,41809;;;
160203;0000;2,22117;;;
160204;0000;29,6404;;;
160205;0000;19,5698;;;
160206;0000;22,8184;;;
160207;0000;15,2664;;;
160208;0000;5,3864;;;
160209;0000;2,62733;;;
160210;0000;6,7292;;;
160211;0000;1,75283;;;
160212;0000;5,3962;;;
160213;0000;3,85812;;;
160214;0000;2,21762;;;
160215;0000;;3,79329;;
160216;0000;;6,57124;;
160217;0000;7,45366;;;
160218;0000;6,20387;;;
160219;0000;5,09441;;;
160220;0000;6,63712;;;
160221;0000;7,93074;;;
160222;0000;7,26745;;;
160223;0000;17,3577;;;
160224;0000;;5,0535;;
160225;0000;4,64749;;;
160226;0000;7,62169;;;
160227;0000;11,146;;;
160228;0000;17,3463;;;
160229;0000;17,3658;;;
160301;0000;15,5214;;;
160302;0000;14,4477;;;
160303;0000;4,73186;;;
160304;0000;5,60874;;;
160305;0000;9,49791;;;
160306;0000;5,03691;;;
160307;0000;7,21552;;;
160308;0000;6,99158;;;
160309;0000;19,0834;;;
160310;0000;9,66832;;;
160311;0000;14,295;;;
160312;0000;19,4198;;;
160313;0000;18,386;;;
160314;0000;15,6848;;;
160315;0000;9,05841;;;
160316;0000;18,2616;;;
160317;0000;11,4762;;;
160318;0000;7,07945;;;
160319;0000;8,55524;;;
160320;0000;5,46545;;;
160321;0000;5,63049;;;
160322;0000;4,90227;;;
160323;0000;12,6378;;;
160324;0000;20,7356;;;
160325;0000;46,6003;;;
160326;0000;50,7611;;;
160327;0000;23,9284;;;
160328;0000;15,9819;;;
160329;0000;38,7568;;;
160330;0000;14,9118;;;
160331;0000;24,3385;;;
160401;0000;34,7733;;;
160402;0000;14,8538;;;
160403;0000;17,7905;;;
160404;0000;22,1963;;;
160405;0000;66,8787;;;
160406;0000;41,5391;;;
160407;0000;33,5919;;;
160408;0000;48,1061;;;
160409;0000;143,743;;;
160410;0000;137,358;;;
160411;0000;146,935;;;
160412;0000;161,548;;;
160413;0000;45,7803;;;
160414;0000;43,3916;;;
160415;0000;25,7516;;;
160416;0000;22,0085;;;
160417;0000;56,6277;;;
160418;0000;47,2745;;;
160419;0000;34,1162;;;
160420;0000;22,4623;;;
160421;0000;34,2;;;
160422;0000;108,525;;;
160423;0000;94,8457;;;
160424;0000;129,904;;;
160425;0000;230,681;;;
160426;0000;393,6;;;
160427;0000;372,437;;;
160428;0000;111,491;;;
160429;0000;331,545;;;
160430;0000;191,531;;;
160501;0000;274,965;;;
160502;0000;328,308;;;
160503;0000;206,586;;;
160504;0000;253,548;;;
160505;0000;209,996;;;
160506;0000;247,86;;;
160507;0000;175,011;;;
160508;0000;52,8428;;;
160509;0000;43,9899;;;
160510;0000;40,5997;;;
160511;0000;68,8339;;;
160512;0000;184,205;;;
160513;0000;137,874;;;
160514;0000;51,4706;;;
160515;0000;45,8916;;;
160516;0000;95,6686;;;
160517;0000;144,646;;;
160518;0000;64,2738;;;
160519;0000;255,171;;;
160520;0000;498,024;;;
160521;0000;520,161;;;
160522;0000;497,907;;;
160523;0000;377,994;;;
160524;0000;331,557;;;
160525;0000;25,595;;;
160526;0000;35,8033;;;
160527;0000;160,687;;;
160528;0000;386,477;;;
160529;0000;272,837;;;
160530;0000;210,925;;;
160531;0000;129,348;;;
160601;0000;170,374;;;
160602;0000;278,37;;;
160603;0000;273,354;;;
160604;0000;114,547;;;
160605;0000;18,3155;;;
160606;0000;25,6645;;;
160607;0000;40,8851;;;
160608;0000;81,8379;;;
160609;0000;171,06;;;
160610;0000;143,487;;;
160611;0000;86,3645;;;
160612;0000;165,989;;;
160613;0000;55,7896;;;
160614;0000;65,9042;;;
160615;0000;64,1899;;;
160616;0000;33,8572;;;
160617;0000;90,5132;;;
160618;0000;190,351;;;
160619;0000;383,536;;;
160620;0000;350,992;;;
160621;0000;89,9484;;;
160622;0000;180,888;;;
160623;0000;91,0333;;;
160624;0000;42,7071;;;
160625;0000;45,4804;;;
160626;0000;96,0963;;;
160627;0000;203,718;;;
160628;0000;189,196;;;
160629;0000;29,7808;;;
160630;0000;95,1917;;;
160701;0000;133,471;;;
160702;0000;393,06;;;
160703;0000;132,342;;;
160704;0000;16,8587;;;
160705;0000;29,7202;;;
160706;0000;29,9142;;;
160707;0000;35,4188;;;
160708;0000;38,5787;;;
160709;0000;44,4379;;;
160710;0000;119,312;;;
160711;0000;119,973;;;
160712;0000;98,5658;;;
160713;0000;74,9354;;;
160714;0000;55,5649;;;
160715;0000;102,244;;;
160716;0000;80,4579;;;
160717;0000;123,631;;;
160718;0000;163,129;;;
160719;0000;259,817;;;
160720;0000;112,83;;;
160721;0000;87,8187;;;
160722;0000;87,0704;;;
160723;0000;120,395;;;
160724;0000;244,969;;;
160725;0000;117,598;;;
160726;0000;180,163;;;
160727;0000;83,9567;;;
160728;0000;198,152;;;
160729;0000;176,04;;;
160730;0000;197,425;;;
160731;0000;195,52;;;
160801;0000;259,905;;;
160802;0000;260,767;;;
160803;0000;151,404;;;
160804;0000;70,4333;;;
160805;0000;42,5623;;;
160806;0000;67,868;;;
160807;0000;38,8629;;;
160808;0000;26,9916;;;
160809;0000;34,6334;;;
160810;0000;69,098;;;
160811;0000;34,3747;;;
160812;0000;81,0254;;;
160813;0000;57,5187;;;
160814;0000;110,557;;;
160815;0000;140,087;;;
160816;0000;163,561;;;
160817;0000;;;;
160818;0000;;;;
160819;0000;127,337;;;
160820;0000;72,09;;;
160821;0000;19,8332;;;
160822;0000;42,7137;;;
160823;0000;36,6417;;;
160824;0000;114,823;;;
160825;0000;114,041;;;
160826;0000;44,9574;;;
160827;0000;71,1598;;;
160828;0000;79,4662;;;
160829;0000;59,9896;;;
160830;0000;33,9255;;;
160831;0000;25,9496;;;
160901;0000;38,514;;;
160902;0000;164,805;;;
160903;0000;240,352;;;
160904;0000;188,573;;;
160905;0000;71,3085;;;
160906;0000;67,825;;;
160907;0000;55,5058;;;
160908;0000;44,6929;;;
160909;0000;67,3174;;;
160910;0000;86,0781;;;
160911;0000;96,9037;;;
160912;0000;27,1725;;;
160913;0000;42,5435;;;
160914;0000;30,5916;;;
160915;0000;26,7526;;;
160916;0000;65,3684;;;
160917;0000;80,311;;;
160918;0000;69,8612;;;
160919;0000;54,2341;;;
160920;0000;19,9626;;;
160921;0000;24,3567;;;
160922;0000;26,8365;;;
160923;0000;67,6147;;;
160924;0000;122,848;;;
160925;0000;74,6652;;;
160926;0000;31,9461;;;
160927;0000;82,1121;;;
160928;0000;58,0492;;;
160929;0000;46,3904;;;
160930;0000;55,74;;;
161001;0000;34,359;;;
161002;0000;84,7388;;;
161003;0000;84,135;;;
161004;0000;37,0416;;;
161005;0000;36,0074;;;
161006;0000;23,619;;;
161007;0000;45,0223;;;
161008;0000;37,8602;;;
161009;0000;12,0292;;;
161010;0000;15,2196;;;
161011;0000;20,5686;;;
161012;0000;23,169;;;
161013;0000;11,3318;;;
161014;0000;25,54;;;
161015;0000;51,4412;;;
161016;0000;62,0912;;;
161017;0000;33,3262;;;
161018;0000;55,0683;;;
161019;0000;49,1722;;;
161020;0000;12,9958;;;
161021;0000;23,2881;;;
161022;0000;32,9359;;;
161023;0000;33,7349;;;
161024;0000;20,6393;;;
161025;0000;12,4525;;;
161026;0000;12,6008;;;
161027;0000;15,8524;;;
161028;0000;10,8291;;;
161029;0000;6,03184;;;
161030;0000;6,13658;;;
161031;0000;12,9569;;;
161101;0000;7,57217;;;
161102;0000;7,91805;;;
161103;0000;13,047;;;
161104;0000;31,4085;;;
161105;0000;16,0214;;;
161106;0000;18,8643;;;
161107;0000;17,2527;;;
161108;0000;19,4592;;;
161109;0000;7,14658;;;
161110;0000;9,05554;;;
161111;0000;8,4588;;;
161112;0000;5,49038;;;
161113;0000;13,4483;;;
161114;0000;18,16;;;
161115;0000;22,2852;;;
161116;0000;17,6776;;;
161117;0000;13,9805;;;
161118;0000;12,0076;;;
161119;0000;10,0567;;;
161120;0000;22,2518;;;
161121;0000;13,771;;;
161122;0000;10,6597;;;
161123;0000;3,94109;;;
161124;0000;3,98779;;;
161125;0000;7,85225;;;
161126;0000;7,46067;;;
161127;0000;3,78025;;;
161128;0000;6,47921;;;
161129;0000;7,19258;;;
161130;0000;3,94796;;;
161201;0000;3,48279;;;
161202;0000;6,40175;;;
161203;0000;17,8756;;;
161204;0000;19,9615;;;
161205;0000;7,95558;;;
161206;0000;3,20438;;;
161207;0000;7,98271;;;
161208;0000;2,73842;;;
161209;0000;3,71183;;;
161210;0000;5,06138;;;
161211;0000;6,85391;;;
161212;0000;5,82354;;;
161213;0000;8,0995;;;
161214;0000;6,04179;;;
161215;0000;5,4315;;;
161216;0000;7,72;;;
161217;0000;4,775;;;
161218;0000;3,84296;;;
161219;0000;4,41387;;;
161220;0000;9,46278;;;
161221;0000;5,04317;;;
161222;0000;4,92982;;;
161223;0000;5,01472;;;
161224;0000;;;1,52275;
161225;0000;;;1,46625;
161226;0000;;;3,249;
161227;0000;2,56846;;;
161228;0000;4,81704;;;
161229;0000;4,05458;;;
161230;0000;5,69476;;;
161231;0000;9,20029;;;
170101;0000;13,033;;;
170102;0000;16,5365;;;
170103;0000;6,44621;;;
170104;0000;8,97655;;;
170105;0000;8,55;;;
170106;0000;17,0064;;;
170107;0000;8,19983;;;
170108;0000;7,17792;;;
170109;0000;10,1518;;;
170110;0000;5,3185;;;
170111;0000;7,0885;;;
170112;0000;17,4944;;;
170113;0000;7,11992;;;
170114;0000;3,69521;;;
170115;0000;3,617;;;
170116;0000;13,4026;;;
170117;0000;4,32562;;;
170118;0000;6,23167;;;
170119;0000;6,89133;;;
170120;0000;4,58996;;;
170121;0000;6,19521;;;
170122;0000;9,09096;;;
170123;0000;8,89679;;;
170124;0000;5,84959;;;
170125;0000;4,93517;;;
170126;0000;;;;
170127;0000;4,81592;;;
170128;0000;5,37471;;;
170129;0000;7,47704;;;
170130;0000;7,30933;;;
170131;0000;9,00546;;;
170201;0000;8,36038;;;
170202;0000;9,0217;;;
170203;0000;6,57471;;;
170204;0000;7,42467;;;
170205;0000;7,29134;;;
170206;0000;5,72329;;;
170207;0000;3,99208;;;
170208;0000;5,76005;;;
170209;0000;5,30421;;;
170210;0000;4,51725;;;
170211;0000;4,57413;;;
170212;0000;5,62146;;;
170213;0000;5,576;;;
170214;0000;5,53296;;;
170215;0000;3,89188;;;
170216;0000;8,92842;;;
170217;0000;9,46959;;;
170218;0000;13,31;;;
170219;0000;10,7048;;;
170220;0000;13,2435;;;
170221;0000;11,6049;;;
170222;0000;5,79391;;;
170223;0000;4,54083;;;
170224;0000;6,11855;;;
170225;0000;5,74817;;;
170226;0000;5,12463;;;
170227;0000;5,52234;;;
170228;0000;7,253;;;
170301;0000;8,04791;;;
170302;0000;7,25308;;;
170303;0000;14,0297;;;
170304;0000;11,8859;;;
170305;0000;14,7329;;;
170306;0000;31,5026;;;
170307;0000;42,7996;;;
170308;0000;21,1332;;;
170309;0000;12,4572;;;
170310;0000;13,2326;;;
170311;0000;6,19263;;;
170312;0000;5,53059;;;
170313;0000;10,8786;;;
170314;0000;8,03891;;;
170315;0000;8,94708;;;
170316;0000;20,8211;;;
170317;0000;13,4381;;;
170318;0000;17,8555;;;
170319;0000;4,68654;;;
170320;0000;11,9562;;;
170321;0000;10,3906;;;
170322;0000;26,7258;;;
170323;0000;16,1572;;;
170324;0000;18,965;;;
170325;0000;48,5475;;;
170326;0000;56,445;;;
170327;0000;26,4154;;;
170328;0000;59,7146;;;
170329;0000;48,7559;;;
170330;0000;54,3317;;;
170331;0000;40,6238;;;
170401;0000;71,3733;;;
170402;0000;46,4069;;;
170403;0000;18,2176;;;
170404;0000;23,2841;;;
170405;0000;21,028;;;
170406;0000;44,6641;;;
170407;0000;108,94;;;
170408;0000;97,6801;;;
170409;0000;24,4154;;;
170410;0000;34,1975;;;
170411;0000;55,0475;;;
170412;0000;205,017;;;
170413;0000;247,964;;;
170414;0000;173,398;;;
170415;0000;130,387;;;
170416;0000;208,805;;;
170417;0000;153,648;;;
170418;0000;40,9833;;;
170419;0000;26,0125;;;
170420;0000;20,9794;;;
170421;0000;15,8367;;;
170422;0000;22,8732;;;
170423;0000;29,2378;;;
170424;0000;44,9706;;;
170425;0000;26,4928;;;
170426;0000;24,1035;;;
170427;0000;27,5945;;;
170428;0000;9,64029;;;
170429;0000;31,8406;;;
170430;0000;9,46538;;;
170501;0000;37;;;
170502;0000;24;;;
170503;0000;65;;;
170504;0000;45;;;
170505;0000;128;;;
170506;0000;128;;;
170507;0000;86;;;
170508;0000;84;;;
170509;0000;181;;;
170510;0000;263;;;
170511;0000;197;;;
170512;0000;180;;;
170513;0000;130;;;
170514;0000;36;;;
170515;0000;69;;;
170516;0000;77;;;
170517;0000;88;;;
170518;0000;113;;;
170519;0000;51;;;
170520;0000;28;;;
170521;0000;30;;;
170522;0000;37;;;
170523;0000;33;;;
170524;0000;63;;;
170525;0000;25;;;
170526;0000;59;;;
170527;0000;25;;;
170528;0000;85;;;
170529;0000;175;;;
170530;0000;;;;
170531;0000;147;;;
170601;0000;56;;;
170602;0000;64;;;
170603;0000;65;;;
170604;0000;45;;;
170605;0000;31;;;
170606;0000;22;;;
170607;0000;64;;;
170608;0000;20;;;
170609;0000;13;;;
170610;0000;34;;;
170611;0000;24;;;
170612;0000;38;;;
170613;0000;77;;;
170614;0000;;;;
170615;0000;178;;;
170616;0000;161;;;
170617;0000;221;;;
170618;0000;59;;;
170619;0000;103;;;
170620;0000;223;;;
170621;0000;227;;;
170622;0000;133;;;
170623;0000;123;;;
170624;0000;157;;;
170625;0000;192;;;
170626;0000;152;;;
170627;0000;207;;;
170628;0000;91;;;
170629;0000;105;;;
170630;0000;238;;;
170701;0000;111;;;
170702;0000;231;;;
170703;0000;143;;;
170704;0000;144;;;
170705;0000;180;;;
170706;0000;39;;;
170707;0000;120;;;
170708;0000;162;;;
170709;0000;44;;;
170710;0000;43;;;
170711;0000;52;;;
170712;0000;96;;;
170713;0000;68;;;
170714;0000;212;;;
170715;0000;261;;;
170716;0000;62;;;
170717;0000;43;;;
170718;0000;22;;;
170719;0000;51;;;
170720;0000;74;;;
170721;0000;87;;;
170722;0000;93;;;
170723;0000;38;;;
170724;0000;33;;;
170725;0000;39;;;
170726;0000;94;;;
170727;0000;70;;;
170728;0000;46;;;
170729;0000;74;;;
170730;0000;122;;;
170731;0000;46;;;
170801;0000;24;;;
170802;0000;17;;;
170803;0000;38;;;
170804;0000;96;;;
170805;0000;119;;;
170806;0000;85;;;
170807;0000;75;;;
170808;0000;154;;;
170809;0000;193;;;
170810;0000;140;;;
170811;0000;96;;;
170812;0000;53;;;
170813;0000;46;;;
170814;0000;32;;;
170815;0000;26;;;
170816;0000;31;;;
170817;0000;75;;;
170818;0000;59;;;
170819;0000;41;;;
170820;0000;11;;;
170821;0000;60;;;
170822;0000;35;;;
170823;0000;88;;;
170824;0000;47;;;
170825;0000;65;;;
170826;0000;68;;;
170827;0000;106;;;
170828;0000;169;;;
170829;0000;32;;;
170830;0000;92;;;
170831;0000;45;;;
170901;0000;74;;;
170902;0000;21;;;
170903;0000;31;;;
170904;0000;57;;;
170905;0000;37;;;
170906;0000;35;;;
170907;0000;46;;;
170908;0000;62;;;
170909;0000;43;;;
170910;0000;28;;;
170911;0000;22;;;
170912;0000;13;;;
170913;0000;41;;;
170914;0000;22;;;
170915;0000;11;;;
170916;0000;10;;;
170917;0000;15;;;
170918;0000;26;;;
170919;0000;18;;;
170920;0000;11;;;
170921;0000;13;;;
170922;0000;19;;;
170923;0000;23;;;
170924;0000;18;;;
170925;0000;32;;;
170926;0000;36;;;
170927;0000;34;;;
170928;0000;67;;;
170929;0000;48;;;
170930;0000;23;;;
171001;0000;11;;;
171002;0000;26;;;
171003;0000;43;;;
171004;0000;21;;;
171005;0000;23;;;
171006;0000;11;;;
171007;0000;17;;;
171008;0000;47;;;
171009;0000;23;;;
171010;0000;57;;;
171011;0000;45;;;
171012;0000;25;;;
171013;0000;12;;;
171014;0000;8;;;
171015;0000;8;;;
171016;0000;15;;;
171017;0000;17;;;
171018;0000;17;;;
171019;0000;16;;;
171020;0000;25;;;
171021;0000;15;;;
171022;0000;21;;;
171023;0000;18;;;
171024;0000;13;;;
171025;0000;12;;;
171026;0000;17;;;
171027;0000;18;;;
171028;0000;13;;;
171029;0000;18;;;
171030;0000;17;;;
171031;0000;36;;;
171101;0000;13;;;
171102;0000;14;;;
171103;0000;20;;;
171104;0000;16;;;
171105;0000;23;;;
171106;0000;16;;;
171107;0000;20;;;
171108;0000;20;;;
171109;0000;17;;;
171110;0000;12;;;
171111;0000;18;;;
171112;0000;11;;;
171113;0000;9;;;
171114;0000;7;;;
171115;0000;6;;;
171116;0000;8;;;
171117;0000;11;;;
171118;0000;10;;;
171119;0000;9;;;
171120;0000;11;;;
171121;0000;13;;;
171122;0000;8;;;
171123;0000;10;;;
171124;0000;7;;;
171125;0000;3;;;
171126;0000;13;;;
171127;0000;8;;;
171128;0000;4;;;
171129;0000;7;;;
171130;0000;14;;;
171201;0000;11;;;
171202;0000;12;;;
171203;0000;6;;;
171204;0000;5;;;
171205;0000;3;;;
171206;0000;3;;;
171207;0000;5;;;
171208;0000;5;;;
171209;0000;4;;;
171210;0000;3;;;
171211;0000;3;;;
171212;0000;3;;;
171213;0000;5;;;
171214;0000;6;;;
171215;0000;12;;;
171216;0000;10;;;
171217;0000;5;;;
171218;0000;;;2;
171219;0000;;;1;
171220;0000;;;1;
171221;0000;;;5;
171222;0000;14;;;
171223;0000;9;;;
171224;0000;5;;;
171225;0000;7;;;
171226;0000;5;;;
171227;0000;9;;;
171228;0000;6;;;
171229;0000;7;;;
171230;0000;4;;;
171231;0000;5;;;
180101;0000;5;;;
180102;0000;5;;;
180103;0000;7;;;
180104;0000;11;;;
180105;0000;5;;;
180106;0000;8;;;
180107;0000;6;;;
180108;0000;4;;;
180109;0000;4;;;
180110;0000;5;;;
180111;0000;2;;;
180112;0000;5;;;
180113;0000;7;;;
180114;0000;3;;;
180115;0000;5;;;
180116;0000;4;;;
180117;0000;6;;;
180118;0000;6;;;
180119;0000;5;;;
180120;0000;3;;;
180121;0000;4;;;
180122;0000;8;;;
180123;0000;7;;;
180124;0000;8;;;
180125;0000;4;;;
180126;0000;5;;;
180127;0000;5;;;
180128;0000;6;;;
180129;0000;7;;;
180130;0000;6;;;
180131;0000;6;;;
180201;0000;4;;;
180202;0000;3;;;
180203;0000;4;;;
180204;0000;4;;;
180205;0000;5;;;
180206;0000;8;;;
180207;0000;5;;;
180208;0000;11;;;
180209;0000;11;;;
180210;0000;15;;;
180211;0000;23;;;
180212;0000;6;;;
180213;0000;3;;;
180214;0000;4;;;
180215;0000;3;;;
180216;0000;3;;;
180217;0000;4;;;
180218;0000;3;;;
180219;0000;6;;;
180220;0000;7;;;
180221;0000;8;;;
180222;0000;7;;;
180223;0000;9;;;
180224;0000;5;;;
180225;0000;3;;;
180226;0000;5;;;
180227;0000;5;;;
180228;0000;4;;;
180301;0000;4;;;
180302;0000;4;;;
180303;0000;12;;;
180304;0000;17;;;
180305;0000;7;;;
180306;0000;6;;;
180307;0000;11;;;
180308;0000;8;;;
180309;0000;9;;;
180310;0000;;;;
180311;0000;12;;;
180312;0000;12;;;
180313;0000;13;;;
180314;0000;18;;;
180315;0000;16;;;
180316;0000;31;;;
180317;0000;28;;;
180318;0000;9;;;
180319;0000;33;;;
180320;0000;97;;;
180321;0000;83;;;
180322;0000;20;;;
180323;0000;34;;;
180324;0000;34;;;
180325;0000;13;;;
180326;0000;18;;;
180327;0000;20;;;
180328;0000;16;;;
180329;0000;17;;;
180330;0000;11;;;
180331;0000;18;;;
180401;0000;12;;;
180402;0000;14;;;
180403;0000;32;;;
180404;0000;25;;;
180405;0000;21;;;
180406;0000;49;;;
180407;0000;52;;;
180408;0000;50;;;
180409;0000;61;;;
180410;0000;28;;;
180411;0000;29;;;
180412;0000;42;;;
180413;0000;92;;;
180414;0000;32;;;
180415;0000;25;;;
180416;0000;21;;;
180417;0000;9;;;
180418;0000;17;;;
180419;0000;34;;;
180420;0000;31;;;
180421;0000;28;;;
180422;0000;20;;;
180423;0000;21;;;
180424;0000;41;;;
180425;0000;84;;;
180426;0000;41;;;
180427;0000;42;;;
180428;0000;43;;;
180429;0000;49;;;
180430;0000;151;;;
180501;0000;63;;;
180502;0000;82;;;
180503;0000;21;;;
180504;0000;76;;;
180505;0000;141;;;
180506;0000;211;;;
180507;0000;201;;;
180508;0000;36;;;
180509;0000;25;;;
180510;0000;23;;;
180511;0000;54;;;
180512;0000;126;;;
180513;0000;124;;;
180514;0000;81;;;
180515;0000;66;;;
180516;0000;;;;
180517;0000;143;;;
180518;0000;139;;;
180519;0000;60;;;
180520;0000;36;;;
180521;0000;14;;;
180522;0000;21;;;
180523;0000;37;;;
180524;0000;46;;;
180525;0000;70;;;
180526;0000;24;;;
180527;0000;110;;;
180528;0000;47;;;
180529;0000;70;;;
180530;0000;59;;;
180531;0000;49;;;
180601;0000;254;;;
180602;0000;543;;;
180603;0000;481;;;
180604;0000;218;;;
180605;0000;132;;;
180606;0000;93;;;
180607;0000;129;;;
180608;0000;73;;;
180609;0000;206;;;
180610;0000;359;;;
180611;0000;208;;;
180612;0000;373;;;
180613;0000;328;;;
180614;0000;242;;;
180615;0000;130;;;
180616;0000;91;;;
180617;0000;138;;;
180618;0000;86;;;
180619;0000;33;;;
180620;0000;50;;;
180621;0000;40;;;
180622;0000;80;;;
180623;0000;112;;;
180624;0000;32;;;
180625;0000;61;;;
180626;0000;50;;;
180627;0000;62;;;
180628;0000;53;;;
180629;0000;54;;;
180630;0000;114;;;
180701;0000;111;;;
180702;0000;244;;;
180703;0000;314;;;
180704;0000;289;;;
180705;0000;138;;;
180706;0000;235;;;
180707;0000;416;;;
180708;0000;337;;;
180709;0000;334;;;
180710;0000;130;;;
180711;0000;84;;;
180712;0000;60;;;
180713;0000;86;;;
180714;0000;105;;;
180715;0000;95;;;
180716;0000;53;;;
180717;0000;102;;;
180718;0000;64;;;
180719;0000;71;;;
180720;0000;85;;;
180721;0000;61;;;
180722;0000;47;;;
180723;0000;30;;;
180724;0000;95;;;
180725;0000;95;;;
180726;0000;380;;;
180727;0000;107;;;
180728;0000;27;;;
180729;0000;25;;;
180730;0000;32;;;
180731;0000;17;;;
180801;0000;95;;;
180802;0000;205;;;
180803;0000;31;;;
180804;0000;52;;;
180805;0000;40;;;
180806;0000;75;;;
180807;0000;68;;;
180808;0000;177;;;
180809;0000;151;;;
180810;0000;140;;;
180811;0000;210;;;
180812;0000;176;;;
180813;0000;71;;;
180814;0000;23;;;
180815;0000;22;;;
180816;0000;34;;;
180817;0000;36;;;
180818;0000;44;;;
180819;0000;35;;;
180820;0000;98;;;
180821;0000;99;;;
180822;0000;96;;;
180823;0000;27;;;
180824;0000;35;;;
180825;0000;47;;;
180826;0000;32;;;
180827;0000;25;;;
180828;0000;49;;;
180829;0000;50;;;
180830;0000;146;;;
180831;0000;218;;;
180901;0000;69;;;
180902;0000;28;;;
180903;0000;78;;;
180904;0000;42;;;
180905;0000;92;;;
180906;0000;18;;;
180907;0000;18;;;
180908;0000;32;;;
180909;0000;55;;;
180910;0000;54;;;
180911;0000;23;;;
180912;0000;12;;;
180913;0000;11;;;
180914;0000;18;;;
180915;0000;23;;;
180916;0000;25;;;
180917;0000;17;;;
180918;0000;24;;;
180919;0000;30;;;
180920;0000;34;;;
180921;0000;32;;;
180922;0000;35;;;
180923;0000;24;;;
180924;0000;50;;;
180925;0000;49;;;
180926;0000;41;;;
180927;0000;52;;;
180928;0000;33;;;
180929;0000;34;;;
180930;0000;25;;;
181001;0000;21;;;
181002;0000;16;;;
181003;0000;29;;;
181004;0000;27;;;
181005;0000;51;;;
181006;0000;20;;;
181007;0000;20;;;
181008;0000;23;;;
181009;0000;22;;;
181010;0000;19;;;
181011;0000;20;;;
181012;0000;15;;;
181013;0000;8;;;
181014;0000;12;;;
181015;0000;14;;;
181016;0000;83;;;
181017;0000;56;;;
181018;0000;27;;;
181019;0000;26;;;
181020;0000;34;;;
181021;0000;21;;;
181022;0000;45;;;
181023;0000;66;;;
181024;0000;47;;;
181025;0000;19;;;
181026;0000;18;;;
181027;0000;15;;;
181028;0000;14;;;
181029;0000;6;;;
181030;0000;18;;;
181031;0000;45;;;
181101;0000;28;;;
181102;0000;18;;;
181103;0000;15;;;
181104;0000;12;;;
181105;0000;29;;;
181106;0000;21;;;
181107;0000;21;;;
181108;0000;22;;;
181109;0000;26;;;
181110;0000;36;;;
181111;0000;19;;;
181112;0000;8;;;
181113;0000;7;;;
181114;0000;10;;;
181115;0000;8;;;
181116;0000;9;;;
181117;0000;11;;;
181118;0000;5;;;
181119;0000;12;;;
181120;0000;22;;;
181121;0000;28;;;
181122;0000;9;;;
181123;0000;6;;;
181124;0000;7;;;
181125;0000;16;;;
181126;0000;12;;;
181127;0000;8;;;
181128;0000;7;;;
181129;0000;9;;;
181130;0000;12;;;
181201;0000;13;;;
181202;0000;6;;;
181203;0000;10;;;
181204;0000;6;;;
181205;0000;13;;;
181206;0000;4;;;
181207;0000;6;;;
181208;0000;5;;;
181209;0000;4;;;
181210;0000;5;;;
181211;0000;6;;;
181212;0000;5;;;
181213;0000;11;;;
181214;0000;7;;;
181215;0000;5;;;
181216;0000;6;;;
181217;0000;10;;;
181218;0000;8;;;
181219;0000;6;;;
181220;0000;5;;;
181221;0000;4;;;
181222;0000;6;;;
181223;0000;5;;;
181224;0000;5;;;
181225;0000;5;;;
181226;0000;;;8;
181227;0000;;;1;
181228;0000;;;1;
181229;0000;;;4;
181230;0000;3;;;
181231;0000;9;;;
190101;0000;12;;;
190102;0000;7;;;
190103;0000;3;;;
190104;0000;2;;;
190105;0000;3;;;
190106;0000;5;;;
190107;0000;14;;;
190108;0000;16;;;
190109;0000;13;;;
190110;0000;6;;;
190111;0000;7;;;
190112;0000;13;;;
190113;0000;9;;;
190114;0000;4;;;
190115;0000;8;;;
190116;0000;12;;;
190117;0000;13;;;
190118;0000;4;;;
190119;0000;2;;;
190120;0000;2;;;
190121;0000;8;;;
190122;0000;7;;;
190123;0000;4;;;
190124;0000;5;;;
190125;0000;9;;;
190126;0000;8;;;
190127;0000;5;;;
190128;0000;3;;;
190129;0000;6;;;
190130;0000;5;;;
190131;0000;5;;;
190201;0000;7;;;
190202;0000;12;;;
190203;0000;14;;;
190204;0000;13;;;
190205;0000;6;;;
190206;0000;4;;;
190207;0000;5;;;
190208;0000;3;;;
190209;0000;4;;;
190210;0000;10;;;
190211;0000;12;;;
190212;0000;4;;;
190213;0000;3;;;
190214;0000;2;;;
190215;0000;3;;;
190216;0000;3;;;
190217;0000;1;;;
190218;0000;3;;;
190219;0000;6;;;
190220;0000;8;;;
190221;0000;17;;;
190222;0000;15;;;
190223;0000;8;;;
190224;0000;16;;;
190225;0000;15;;;
190226;0000;13;;;
190227;0000;16;;;
190228;0000;15;;;
190301;0000;6;;;
190302;0000;10;;;
190303;0000;6;;;
190304;0000;7;;;
190305;0000;14;;;
190306;0000;22;;;
190307;0000;26;;;
190308;0000;17;;;
190309;0000;15;;;
190310;0000;16;;;
190311;0000;6;;;
190312;0000;19;;;
190313;0000;16;;;
190314;0000;27;;;
190315;0000;25;;;
190316;0000;14;;;
190317;0000;5;;;
190318;0000;21;;;
190319;0000;35;;;
190320;0000;29;;;
190321;0000;21;;;
190322;0000;16;;;
190323;0000;11;;;
190324;0000;13;;;
190325;0000;36;;;
190326;0000;48;;;
190327;0000;37;;;
190328;0000;20;;;
190329;0000;12;;;
190330;0000;20;;;
190331;0000;8;;;
190401;0000;20;;;
190402;0000;7;;;
190403;0000;9;;;
190404;0000;7;;;
190405;0000;10;;;
190406;0000;16;;;
190407;0000;28;;;
190408;0000;16;;;
190409;0000;20;;;
190410;0000;23;;;
190411;0000;15;;;
190412;0000;21;;;
190413;0000;23;;;
190414;0000;17;;;
190415;0000;10;;;
190416;0000;40;;;
190417;0000;14;;;
190418;0000;29;;;
190419;0000;36;;;
190420;0000;24;;;
190421;0000;48;;;
190422;0000;38;;;
190423;0000;94;;;
190424;0000;200;;;
190425;0000;216;;;
190426;0000;74;;;
190427;0000;57;;;
190428;0000;22;;;
190429;0000;17;;;
190430;0000;20;;;
190501;0000;45;;;
190502;0000;33;;;
190503;0000;111;;;
190504;0000;74;;;
190505;0000;22;;;
190506;0000;48;;;
190507;0000;61;;;
190508;0000;129;;;
190509;0000;40;;;
190510;0000;25;;;
190511;0000;11;;;
190512;0000;19;;;
190513;0000;62;;;
190514;0000;78;;;
190515;0000;59;;;
190516;0000;79;;;
190517;0000;48;;;
190518;0000;27;;;
190519;0000;32;;;
190520;0000;43;;;
190521;0000;26;;;
190522;0000;29;;;
190523;0000;28;;;
190524;0000;29;;;
190525;0000;29;;;
190526;0000;45;;;
190527;0000;82;;;
190528;0000;143;;;
190529;0000;132;;;
190530;0000;92;;;
190531;0000;115;;;
190601;0000;174;;;
190602;0000;84;;;
190603;0000;127;;;
190604;0000;97;;;
190605;0000;76;;;
190606;0000;32;;;
190607;0000;22;;;
190608;0000;62;;;
190609;0000;47;;;
190610;0000;43;;;
190611;0000;55;;;
190612;0000;146;;;
190613;0000;89;;;
190614;0000;104;;;
190615;0000;98;;;
190616;0000;80;;;
190617;0000;98;;;
190618;0000;81;;;
190619;0000;;77;;
190620;0000;174;;;
190621;0000;82;;;
190622;0000;49;;;
190623;0000;64;;;
190624;0000;35;;;
190625;0000;34;;;
190626;0000;57;;;
190627;0000;152;;;
190628;0000;157;;;
190629;0000;102;;;
190630;0000;89;;;
190701;0000;44;;;
190702;0000;89;;;
190703;0000;117;;;
190704;0000;156;;;
190705;0000;32;;;
190706;0000;156;;;
190707;0000;242;;;
190708;0000;172;;;
190709;0000;220;;;
190710;0000;131;;;
190711;0000;194;;;
190712;0000;238;;;
190713;0000;172;;;
190714;0000;93;;;
190715;0000;45;;;
190716;0000;97;;;
190717;0000;104;;;
190718;0000;48;;;
190719;0000;47;;;
190720;0000;95;;;
190721;0000;69;;;
190722;0000;30;;;
190723;0000;39;;;
190724;0000;34;;;
190725;0000;74;;;
190726;0000;26;;;
190727;0000;69;;;
190728;0000;119;;;
190729;0000;126;;;
190730;0000;59;;;
190731;0000;67;;;
190801;0000;36;;;
190802;0000;24;;;
190803;0000;19;;;
190804;0000;39;;;
190805;0000;75;;;
190806;0000;22;;;
190807;0000;69;;;
190808;0000;58;;;
190809;0000;20;;;
190810;0000;76;;;
190811;0000;46;;;
190812;0000;58;;;
190813;0000;135;;;
190814;0000;107;;;
190815;0000;75;;;
190816;0000;89;;;
190817;0000;73;;;
190818;0000;150;;;
190819;0000;177;;;
190820;0000;32;;;
190821;0000;46;;;
190822;0000;88;;;
190823;0000;90;;;
190824;0000;54;;;
190825;0000;75;;;
190826;0000;27;;;
190827;0000;59;;;
190828;0000;40;;;
190829;0000;21;;;
190830;0000;17;;;
190831;0000;54;;;
190901;0000;40;;;
190902;0000;84;;;
190903;0000;59;;;
190904;0000;56;;;
190905;0000;66;;;
190906;0000;139;;;
190907;0000;90;;;
190908;0000;38;;;
190909;0000;92;;;
190910;0000;85;;;
190911;0000;32;;;
190912;0000;39;;;
190913;0000;50;;;
190914;0000;25;;;
190915;0000;22;;;
190916;0000;11;;;
190917;0000;13;;;
190918;0000;20;;;
190919;0000;10;;;
190920;0000;14;;;
190921;0000;19;;;
190922;0000;22;;;
190923;0000;8;;;
190924;0000;;;;
190925;0000;;;;
190926;0000;82;;;
190927;0000;62;;;
190928;0000;20;;;
190929;0000;21;;;
190930;0000;23;;;
191001;0000;39;;;
191002;0000;42;;;
191003;0000;29;;;
191004;0000;17;;;
191005;0000;20;;;
191006;0000;23;;;
191007;0000;11;;;
191008;0000;11;;;
191009;0000;11;;;
191010;0000;33;;;
191011;0000;23;;;
191012;0000;11;;;
191013;0000;23;;;
191014;0000;31;;;
191015;0000;22;;;
191016;0000;28;;;
191017;0000;13;;;
191018;0000;10;;;
191019;0000;13;;;
191020;0000;15;;;
191021;0000;18;;;
191022;0000;23;;;
191023;0000;32;;;
191024;0000;19;;;
191025;0000;18;;;
191026;0000;13;;;
191027;0000;24;;;
191028;0000;33;;;
191029;0000;17;;;
191030;0000;17;;;
191031;0000;22;;;
191101;0000;13;;;
191102;0000;6;;;
191103;0000;11;;;
191104;0000;11;;;
191105;0000;8;;;
191106;0000;10;;;
191107;0000;12;;;
191108;0000;;;15;
191109;0000;;;1;
191110;0000;;;1;
191111;0000;;;3;
191112;0000;7;;;
191113;0000;6;;;
191114;0000;9;;;
191115;0000;8;;;
191116;0000;9;;;
191117;0000;11;;;
191118;0000;10;;;
191119;0000;13;;;
191120;0000;12;;;
191121;0000;11;;;
191122;0000;17;;;
191123;0000;23;;;
191124;0000;8;;;
191125;0000;11;;;
191126;0000;10;;;
191127;0000;11;;;
191128;0000;13;;;
191129;0000;8;;;
191130;0000;10;;;
191201;0000;18;;;
191202;0000;10;;;
191203;0000;14;;;
191204;0000;7;;;
191205;0000;8;;;
191206;0000;12;;;
191207;0000;7;;;
191208;0000;5;;;
191209;0000;4;;;
191210;0000;12;;;
191211;0000;8;;;
191212;0000;10;;;
191213;0000;9;;;
191214;0000;6;;;
191215;0000;5;;;
191216;0000;7;;;
191217;0000;11;;;
191218;0000;11;;;
191219;0000;6;;;
191220;0000;9;;;
191221;0000;7;;;
191222;0000;13;;;
191223;0000;9;;;
191224;0000;7;;;
191225;0000;4;;;
191226;0000;9;;;
191227;0000;10;;;
191228;0000;10;;;
191229;0000;10;;;
191230;0000;8;;;
191231;0000;17;;;
200101;0000;12;;;
200102;0000;4;;;
200103;0000;3;;;
200104;0000;5;;;
200105;0000;5;;;
200106;0000;6;;;
200107;0000;10;;;
200108;0000;12;;;
200109;0000;12;;;
200110;0000;6;;;
200111;0000;4;;;
200112;0000;3;;;
200113;0000;4;;;
200114;0000;6;;;
200115;0000;5;;;
200116;0000;;;;
200117;0000;5;;;
200118;0000;11;;;
200119;0000;5;;;
200120;0000;3;;;
200121;0000;4;;;
200122;0000;2;;;
200123;0000;4;;;
200124;0000;2;;;
200125;0000;4;;;
200126;0000;4;;;
200127;0000;5;;;
200128;0000;6;;;
200129;0000;5;;;
200130;0000;2;;;
200131;0000;5;;;
200201;0000;10;;;
200202;0000;9;;;
200203;0000;8;;;
200204;0000;10;;;
200205;0000;18;;;
200206;0000;25;;;
200207;0000;24;;;
200208;0000;21;;;
200209;0000;11;;;
200210;0000;6;;;
200211;0000;5;;;
200212;0000;4;;;
200213;0000;4;;;
200214;0000;5;;;
200215;0000;7;;;
200216;0000;5;;;
200217;0000;5;;;
200218;0000;10;;;
200219;0000;11;;;
200220;0000;15;;;
200221;0000;20;;;
200222;0000;15;;;
200223;0000;3;;;
200224;0000;5;;;
200225;0000;6;;;
200226;0000;8;;;
200227;0000;4;;;
200228;0000;6;;;
200229;0000;4;;;
200301;0000;2;;;
200302;0000;4;;;
200303;0000;10;;;
200304;0000;5;;;
200305;0000;7;;;
200306;0000;10;;;
200307;0000;7;;;
200308;0000;8;;;
200309;0000;29;;;
200310;0000;18;;;
200311;0000;10;;;
200312;0000;31;;;
200313;0000;15;;;
200314;0000;;;;
200315;0000;12;;;
200316;0000;11;;;
200317;0000;13;;;
200318;0000;7;;;
200319;0000;18;;;
200320;0000;6;;;
200321;0000;13;;;
200322;0000;12;;;
200323;0000;11;;;
200324;0000;17;;;
200325;0000;19;;;
200326;0000;10;;;
200327;0000;12;;;
200328;0000;23;;;
200329;0000;31;;;
200330;0000;46;;;
200331;0000;25;;;
200401;0000;22;;;
200402;0000;25;;;
200403;0000;14;;;
200404;0000;9;;;
200405;0000;19;;;
200406;0000;27;;;
200407;0000;50;;;
200408;0000;73;;;
200409;0000;29;;;
200410;0000;20;;;
200411;0000;11;;;
200412;0000;12;;;
200413;0000;28;;;
200414;0000;37;;;
200415;0000;43;;;
200416;0000;36;;;
200417;0000;28;;;
200418;0000;32;;;
200419;0000;21;;;
200420;0000;31;;;
200421;0000;54;;;
200422;0000;152;;;
200423;0000;102;;;
200424;0000;60;;;
200425;0000;49;;;
200426;0000;96;;;
200427;0000;81;;;
200428;0000;68;;;
200429;0000;41;;;
200430;0000;60;;;
200501;0000;125;;;
200502;0000;95;;;
200503;0000;79;;;
200504;0000;104;;;
200505;0000;90;;;
200506;0000;40;;;
200507;0000;42;;;
200508;0000;71;;;
200509;0000;32;;;
200510;0000;36;;;
200511;0000;16;;;
200512;0000;82;;;
200513;0000;64;;;
200514;0000;53;;;
200515;0000;41;;;
200516;0000;24;;;
200517;0000;53;;;
200518;0000;26;;;
200519;0000;108;;;
200520;0000;122;;;
200521;0000;123;;;
200522;0000;65;;;
200523;0000;53;;;
200524;0000;41;;;
200525;0000;82;;;
200526;0000;56;;;
200527;0000;41;;;
200528;0000;110;;;
200529;0000;80;;;
200530;0000;56;;;
200531;0000;80;;;
200601;0000;38;;;
200602;0000;67;;;
200603;0000;53;;;
200604;0000;32;;;
200605;0000;66;;;
200606;0000;57;;;
200607;0000;47;;;
200608;0000;28;;;
200609;0000;35;;;
200610;0000;31;;;
200611;0000;79;;;
200612;0000;96;;;
200613;0000;103;;;
200614;0000;176;;;
200615;0000;303;;;
200616;0000;235;;;
200617;0000;161;;;
200618;0000;71;;;
200619;0000;36;;;
200620;0000;55;;;
200621;0000;68;;;
200622;0000;88;;;
200623;0000;160;;;
200624;0000;109;;;
200625;0000;104;;;
200626;0000;84;;;
200627;0000;53;;;
200628;0000;40;;;
200629;0000;56;;;
200630;0000;82;;;
200701;0000;115;;;
200702;0000;143;;;
200703;0000;146;;;
200704;0000;145;;;
200705;0000;110;;;
200706;0000;265;;;
200707;0000;195;;;
200708;0000;51;;;
200709;0000;91;;;
200710;0000;44;;;
200711;0000;60;;;
200712;0000;54;;;
200713;0000;68;;;
200714;0000;130;;;
200715;0000;92;;;
200716;0000;74;;;
200717;0000;216;;;
200718;0000;116;;;
200719;0000;266;;;
200720;0000;73;;;
200721;0000;40;;;
200722;0000;55;;;
200723;0000;122;;;
200724;0000;73;;;
200725;0000;126;;;
200726;0000;70;;;
200727;0000;70;;;
200728;0000;81;;;
200729;0000;104;;;
200730;0000;210;;;
200731;0000;205;;;
200801;0000;71;;;
200802;0000;78;;;
200803;0000;49;;;
200804;0000;73;;;
200805;0000;108;;;
200806;0000;40;;;
200807;0000;64;;;
200808;0000;71;;;
200809;0000;72;;;
200810;0000;24;;;
200811;0000;21;;;
200812;0000;14;;;
200813;0000;32;;;
200814;0000;29;;;
200815;0000;17;;;
200816;0000;16;;;
200817;0000;22;;;
200818;0000;75;;;
200819;0000;58;;;
200820;0000;16;;;
200821;0000;23;;;
200822;0000;19;;;
200823;0000;27;;;
200824;0000;46;;;
200825;0000;54;;;
200826;0000;49;;;
200827;0000;29;;;
200828;0000;39;;;
200829;0000;18;;;
200830;0000;27;;;
200831;0000;116;;;
200901;0000;112;;;
200902;0000;;;;
200903;0000;;;;
200904;0000;36;;;
200905;0000;51;;;
200906;0000;67;;;
200907;0000;70;;;
200908;0000;;;;
200909;0000;;;;
200910;0000;29;;;
200911;0000;23;;;
200912;0000;24;;;
200913;0000;20;;;
200914;0000;14;;;
200915;0000;33;;;
200916;0000;39;;;
200917;0000;16;;;
200918;0000;23;;;
200919;0000;30;;;
200920;0000;58;;;
200921;0000;39;;;
200922;0000;17;;;
200923;0000;27;;;
200924;0000;25;;;
200925;0000;21;;;
200926;0000;18;;;
200927;0000;14;;;
200928;0000;14;;;
200929;0000;29;;;
200930;0000;15;;;
201001;0000;27;;;
201002;0000;48;;;
201003;0000;48;;;
201004;0000;25;;;
201005;0000;13;;;
201006;0000;14;;;
201007;0000;12;;;
201008;0000;12;;;
201009;0000;12;;;
201010;0000;20;;;
201011;0000;12;;;
201012;0000;10;;;
201013;0000;16;;;
201014;0000;21;;;
201015;0000;21;;;
201016;0000;15;;;
201017;0000;14;;;
201018;0000;13;;;
201019;0000;16;;;
201020;0000;22;;;
201021;0000;23;;;
201022;0000;22;;;
201023;0000;25;;;
201024;0000;12;;;
201025;0000;9;;;
201026;0000;12;;;
201027;0000;15;;;
201028;0000;22;;;
201029;0000;14;;;
201030;0000;8;;;
201031;0000;8;;;
201101;0000;8;;;
201102;0000;11;;;
201103;0000;8;;;
201104;0000;10;;;
201105;0000;8;;;
201106;0000;13;;;
201107;0000;11;;;
201108;0000;6;;;
201109;0000;6;;;
201110;0000;4;;;
201111;0000;6;;;
201112;0000;5;;;
201113;0000;6;;;
201114;0000;6;;;
201115;0000;7;;;
201116;0000;6;;;
201117;0000;8;;;
201118;0000;5;;;
201119;0000;7;;;
201120;0000;5;;;
201121;0000;7;;;
201122;0000;9;;;
201123;0000;;;7;
201124;0000;;;1;
201125;0000;;;1;
201126;0000;;;5;
201127;0000;9;;;
201128;0000;8;;;
201129;0000;7;;;
201130;0000;4;;;
201201;0000;5;;;
201202;0000;6;;;
201203;0000;9;;;
201204;0000;8;;;
201205;0000;8;;;
201206;0000;3;;;
201207;0000;3;;;
201208;0000;3;;;
201209;0000;5;;;
201210;0000;5;;;
201211;0000;7;;;
201212;0000;7;;;
201213;0000;8;;;
201214;0000;9;;;
201215;0000;7;;;
201216;0000;5;;;
201217;0000;6;;;
201218;0000;4;;;
201219;0000;7;;;
201220;0000;4;;;
201221;0000;2;;;
201222;0000;4;;;
201223;0000;5;;;
201224;0000;5;;;
201225;0000;6;;;
201226;0000;2;;;
201227;0000;1;;;
201228;0000;2;;;
201229;0000;7;;;
201230;0000;4;;;
201231;0000;6;;;
210101;0000;5;;;
210102;0000;3;;;
210103;0000;3;;;
210104;0000;7;;;
210105;0000;3;;;
210106;0000;3;;;
210107;0000;3;;;
210108;0000;2;;;
210109;0000;6;;;
210110;0000;9;;;
210111;0000;8;;;
210112;0000;6;;;
210113;0000;10;;;
210114;0000;2;;;
210115;0000;10;;;
210116;0000;7;;;
210117;0000;2;;;
210118;0000;5;;;
210119;0000;3;;;
210120;0000;2;;;
210121;0000;3;;;
210122;0000;3;;;
210123;0000;2;;;
210124;0000;2;;;
210125;0000;6;;;
210126;0000;9;;;
210127;0000;6;;;
210128;0000;6;;;
210129;0000;9;;;
210130;0000;14;;;
210131;0000;6;;;
210201;0000;2;;;
210202;0000;2;;;
210203;0000;4;;;
210204;0000;2;;;
210205;0000;3;;;
210206;0000;13;;;
210207;0000;7;;;
210208;0000;5;;;
210209;0000;4;;;
210210;0000;6;;;
210211;0000;7;;;
210212;0000;7;;;
210213;0000;3;;;
210214;0000;2;;;
210215;0000;8;;;
210216;0000;4;;;
210217;0000;4;;;
210218;0000;8;;;
210219;0000;6;;;
210220;0000;3;;;
210221;0000;5;;;
210222;0000;3;;;
210223;0000;3;;;
210224;0000;2;;;
210225;0000;2;;;
210226;0000;8;;;
210227;0000;4;;;
210228;0000;3;;;
210301;0000;5;;;
210302;0000;8;;;
210303;0000;7;;;
210304;0000;7;;;
210305;0000;5;;;
210306;0000;2;;;
210307;0000;5;;;
210308;0000;9;;;
210309;0000;18;;;
210310;0000;12;;;
210311;0000;5;;;
210312;0000;9;;;
210313;0000;6;;;
210314;0000;14;;;
210315;0000;7;;;
210316;0000;;;22;
210317;0000;;;51;
210318;0000;25;;;
210319;0000;13;;;
210320;0000;10;;;
210321;0000;8;;;
210322;0000;8;;;
210323;0000;11;;;
210324;0000;17;;;
210325;0000;22;;;
210326;0000;17;;;
210327;0000;9;;;
210328;0000;13;;;
210329;0000;15;;;
210330;0000;5;;;
210331;0000;18;;;
210401;0000;22;;;
210402;0000;19;;;
210403;0000;14;;;
210404;0000;20;;;
210405;0000;23;;;
210406;0000;18;;;
210407;0000;19;;;
210408;0000;24;;;
210409;0000;40;;;
210410;0000;28;;;
210411;0000;17;;;
210412;0000;24;;;
210413;0000;16;;;
210414;0000;13;;;
210415;0000;9;;;
210416;0000;16;;;
210417;0000;50;;;
210418;0000;48;;;
210419;0000;33;;;
210420;0000;;;42;
210421;0000;;;40;
210422;0000;;;62;
210423;0000;40;;;
210424;0000;46;;;
210425;0000;26;;;
210426;0000;18;;;
210427;0000;24;;;
210428;0000;27;;;
210429;0000;33;;;
210430;0000;42;;;
210501;0000;41;;;
210502;0000;18;;;
210503;0000;45;;;
210504;0000;46;;;
210505;0000;128;;;
210506;0000;277;;;
210507;0000;267;;;
210508;0000;45;;;
210509;0000;32;;;
210510;0000;88;;;
210511;0000;59;;;
210512;0000;22;;;
210513;0000;59;;;
210514;0000;128;;;
210515;0000;77;;;
210516;0000;153;;;
210517;0000;125;;;
210518;0000;253;;;
210519;0000;159;;;
210520;0000;108;;;
210521;0000;105;;;
210522;0000;50;;;
210523;0000;42;;;
210524;0000;14;;;
210525;0000;36;;;
210526;0000;43;;;
210527;0000;47;;;
210528;0000;54;;;
210529;0000;29;;;
210530;0000;55;;;
210531;0000;40;;;
210601;0000;19;;;
210602;0000;41;;;
210603;0000;38;;;
210604;0000;23;;;
210605;0000;22;;;
210606;0000;31;;;
210607;0000;87;;;
210608;0000;44;;;
210609;0000;46;;;
210610;0000;50;;;
210611;0000;49;;;
210612;0000;32;;;
210613;0000;54;;;
210614;0000;52;;;
210615;0000;208;;;
210616;0000;393;;;
210617;0000;422;;;
210618;0000;271;;;
210619;0000;93;;;
210620;0000;159;;;
210621;0000;128;;;
210622;0000;176;;;
210623;0000;121;;;
210624;0000;41;;;
210625;0000;51;;;
210626;0000;93;;;
210627;0000;163;;;
210628;0000;255;;;
210629;0000;286;;;
210630;0000;93;;;
210701;0000;28;;;
210702;0000;25;;;
210703;0000;17;;;
210704;0000;31;;;
210705;0000;44;;;
210706;0000;46;;;
210707;0000;60;;;
210708;0000;89;;;
210709;0000;67;;;
210710;0000;16;;;
210711;0000;13;;;
210712;0000;17;;;
210713;0000;50;;;
210714;0000;34;;;
210715;0000;27;;;
210716;0000;24;;;
210717;0000;37;;;
210718;0000;44;;;
210719;0000;33;;;
210720;0000;56;;;
210721;0000;35;;;
210722;0000;25;;;
210723;0000;29;;;
210724;0000;72;;;
210725;0000;46;;;
210726;0000;47;;;
210727;0000;41;;;
210728;0000;22;;;
210729;0000;22;;;
210730;0000;36;;;
210731;0000;46;;;
210801;0000;24;;;
210802;0000;29;;;
210803;0000;79;;;
210804;0000;228;;;
210805;0000;92;;;
210806;0000;24;;;
210807;0000;19;;;
210808;0000;27;;;
210809;0000;31;;;
210810;0000;54;;;
210811;0000;59;;;
210812;0000;80;;;
210813;0000;36;;;
210814;0000;39;;;
210815;0000;64;;;
210816;0000;56;;;
210817;0000;37;;;
210818;0000;53;;;
210819;0000;78;;;
210820;0000;61;;;
210821;0000;69;;;
210822;0000;33;;;
210823;0000;27;;;
210824;0000;18;;;
210825;0000;27;;;
210826;0000;46;;;
210827;0000;53;;;
210828;0000;26;;;
210829;0000;60;;;
210830;0000;59;;;
210831;0000;29;;;
210901;0000;65;;;
210902;0000;87;;;
210903;0000;54;;;
210904;0000;39;;;
210905;0000;58;;;
210906;0000;77;;;
210907;0000;53;;;
210908;0000;19;;;
210909;0000;35;;;
210910;0000;41;;;
210911;0000;23;;;
210912;0000;17;;;
210913;0000;19;;;
210914;0000;10;;;
210915;0000;16;;;
210916;0000;28;;;
210917;0000;15;;;
210918;0000;22;;;
210919;0000;25;;;
210920;0000;22;;;
210921;0000;29;;;
210922;0000;18;;;
210923;0000;15;;;
210924;0000;20;;;
210925;0000;16;;;
210926;0000;18;;;
210927;0000;21;;;
210928;0000;12;;;
210929;0000;18;;;
210930;0000;16;;;
211001;0000;41;;;
211002;0000;31;;;
211003;0000;7;;;
211004;0000;13;;;
211005;0000;22;;;
211006;0000;14;;;
211007;0000;31;;;
211008;0000;14;;;
211009;0000;8;;;
211010;0000;8;;;
211011;0000;12;;;
211012;0000;24;;;
211013;0000;15;;;
211014;0000;17;;;
211015;0000;6;;;
211016;0000;10;;;
211017;0000;14;;;
211018;0000;9;;;
211019;0000;12;;;
211020;0000;8;;;
211021;0000;14;;;
211022;0000;18;;;
211023;0000;9;;;
211024;0000;12;;;
211025;0000;10;;;
211026;0000;9;;;
211027;0000;9;;;
211028;0000;8;;;
211029;0000;15;;;
211030;0000;17;;;
211031;0000;10;;;
211101;0000;20;;;
211102;0000;9;;;
211103;0000;10;;;
211104;0000;10;;;
211105;0000;8;;;
211106;0000;10;;;
211107;0000;11;;;
211108;0000;18;;;
211109;0000;11;;;
211110;0000;9;;;
211111;0000;18;;;
211112;0000;12;;;
211113;0000;6;;;
211114;0000;11;;;
211115;0000;23;;;
211116;0000;11;;;
211117;0000;5;;;
211118;0000;4;;;
211119;0000;5;;;
211120;0000;7;;;
211121;0000;5;;;
211122;0000;5;;;
211123;0000;;;2;
211124;0000;;;3;
211125;0000;;;4;
211126;0000;;;9;
211127;0000;12;;;
211128;0000;5;;;
211129;0000;9;;;
211130;0000;10;;;
211201;0000;8;;;
211202;0000;9;;;
211203;0000;13;;;
211204;0000;10;;;
211205;0000;5;;;
211206;0000;6;;;
211207;0000;6;;;
211208;0000;9;;;
211209;0000;7;;;
211210;0000;5;;;
211211;0000;7;;;
211212;0000;7;;;
211213;0000;7;;;
211214;0000;5;;;
211215;0000;6;;;
211216;0000;6;;;
211217;0000;7;;;
211218;0000;10;;;
211219;0000;6;;;
211220;0000;5;;;
211221;0000;6;;;
211222;0000;8;;;
211223;0000;6;;;
211224;0000;5;;;
211225;0000;5;;;
211226;0000;4;;;
211227;0000;6;;;
211228;0000;5;;;
211229;0000;6;;;
211230;0000;5;;;
211231;0000;9;;;
220101;0000;8;;;
220102;0000;6;;;
220103;0000;9;;;
220104;0000;7;;;
220105;0000;7;;;
220106;0000;5;;;
220107;0000;5;;;
220108;0000;4;;;
220109;0000;5;;;
220110;0000;5;;;
220111;0000;3;;;
220112;0000;3;;;
220113;0000;4;;;
220114;0000;3;;;
220115;0000;6;;;
220116;0000;7;;;
220117;0000;11;;;
220118;0000;11;;;
220119;0000;8;;;
220120;0000;8;;;
220121;0000;7;;;
220122;0000;7;;;
220123;0000;6;;;
220124;0000;4;;;
220125;0000;3;;;
220126;0000;9;;;
220127;0000;10;;;
220128;0000;6;;;
220129;0000;6;;;
220130;0000;4;;;
220131;0000;3;;;
220201;0000;4;;;
220202;0000;5;;;
220203;0000;6;;;
220204;0000;8;;;
220205;0000;8;;;
220206;0000;5;;;
220207;0000;4;;;
220208;0000;6;;;
220209;0000;5;;;
220210;0000;6;;;
220211;0000;11;;;
220212;0000;5;;;
220213;0000;3;;;
220214;0000;5;;;
220215;0000;5;;;
220216;0000;8;;;
220217;0000;11;;;
220218;0000;7;;;
220219;0000;7;;;
220220;0000;11;;;
220221;0000;8;;;
220222;0000;12;;;
220223;0000;11;;;
220224;0000;6;;;
220225;0000;8;;;
220226;0000;10;;;
220227;0000;7;;;
220228;0000;7;;;
220301;0000;4;;;
220302;0000;6;;;
220303;0000;8;;;
220304;0000;10;;;
220305;0000;10;;;
220306;0000;22;;;
220307;0000;23;;;
220308;0000;24;;;
220309;0000;9;;;
220310;0000;15;;;
220311;0000;11;;;
220312;0000;16;;;
220313;0000;6;;;
220314;0000;10;;;
220315;0000;9;;;
220316;0000;11;;;
220317;0000;12;;;
220318;0000;28;;;
220319;0000;44;;;
220320;0000;35;;;
220321;0000;13;;;
220322;0000;14;;;
220323;0000;15;;;
220324;0000;10;;;
220325;0000;25;;;
220326;0000;18;;;
220327;0000;19;;;
220328;0000;20;;;
220329;0000;38;;;
220330;0000;43;;;
220331;0000;14;;;
220401;0000;14;;;
220402;0000;21;;;
220403;0000;9;;;
220404;0000;9;;;
220405;0000;18;;;
220406;0000;24;;;
220407;0000;41;;;
220408;0000;46;;;
220409;0000;32;;;
220410;0000;11;;;
220411;0000;25;;;
220412;0000;20;;;
220413;0000;10;;;
220414;0000;30;;;
220415;0000;22;;;
220416;0000;32;;;
220417;0000;53;;;
220418;0000;20;;;
220419;0000;16;;;
220420;0000;17;;;
220421;0000;43;;;
220422;0000;32;;;
220423;0000;28;;;
220424;0000;28;;;
220425;0000;41;;;
220426;0000;27;;;
220427;0000;105;;;
220428;0000;75;;;
220429;0000;54;;;
220430;0000;23;;;
220501;0000;37;;;
220502;0000;22;;;
220503;0000;24;;;
220504;0000;27;;;
220505;0000;23;;;
220506;0000;43;;;
220507;0000;27;;;
220508;0000;10;;;
220509;0000;23;;;
220510;0000;54;;;
220511;0000;115;;;
220512;0000;64;;;
220513;0000;56;;;
220514;0000;73;;;
220515;0000;229;;;
220516;0000;310;;;
220517;0000;276;;;
220518;0000;297;;;
220519;0000;280;;;
220520;0000;126;;;
220521;0000;48;;;
220522;0000;32;;;
220523;0000;26;;;
220524;0000;40;;;
220525;0000;49;;;
220526;0000;41;;;
220527;0000;63;;;
220528;0000;65;;;
220529;0000;124;;;
220530;0000;119;;;
220531;0000;108;;;
220601;0000;160;;;
220602;0000;196;;;
220603;0000;180;;;
220604;0000;38;;;
220605;0000;38;;;
220606;0000;70;;;
220607;0000;42;;;
220608;0000;60;;;
220609;0000;56;;;
220610;0000;76;;;
220611;0000;309;;;
220612;0000;247;;;
220613;0000;128;;;
220614;0000;157;;;
220615;0000;54;;;
220616;0000;25;;;
220617;0000;14;;;
220618;0000;35;;;
220619;0000;38;;;
220620;0000;134;;;
220621;0000;267;;;
220622;0000;326;;;
220623;0000;317;;;
220624;0000;331;;;
220625;0000;253;;;
220626;0000;91;;;
220627;0000;43;;;
220628;0000;67;;;
220629;0000;61;;;
220630;0000;64;;;
220701;0000;87;;;
220702;0000;67;;;
220703;0000;66;;;
220704;0000;49;;;
220705;0000;74;;;
220706;0000;77;;;
220707;0000;117;;;
220708;0000;143;;;
220709;0000;70;;;
220710;0000;47;;;
220711;0000;68;;;
220712;0000;57;;;
220713;0000;132;;;
220714;0000;71;;;
220715;0000;74;;;
220716;0000;75;;;
220717;0000;43;;;
220718;0000;14;;;
220719;0000;19;;;
220720;0000;25;;;
220721;0000;48;;;
220722;0000;88;;;
220723;0000;104;;;
220724;0000;85;;;
220725;0000;121;;;
220726;0000;93;;;
220727;0000;59;;;
220728;0000;15;;;
220729;0000;31;;;
220730;0000;56;;;
220731;0000;47;;;
220801;0000;34;;;
220802;0000;43;;;
220803;0000;55;;;
220804;0000;35;;;
220805;0000;112;;;
220806;0000;57;;;
220807;0000;23;;;
220808;0000;48;;;
220809;0000;17;;;
220810;0000;20;;;
220811;0000;33;;;
220812;0000;19;;;
220813;0000;40;;;
220814;0000;22;;;
220815;0000;15;;;
220816;0000;22;;;
220817;0000;25;;;
220818;0000;9;;;
220819;0000;12;;;
220820;0000;44;;;
220821;0000;32;;;
220822;0000;25;;;
220823;0000;33;;;
220824;0000;18;;;
220825;0000;25;;;
220826;0000;16;;;
220827;0000;27;;;
220828;0000;44;;;
220829;0000;67;;;
220830;0000;25;;;
220831;0000;23;;;
220901;0000;12;;;
220902;0000;7;;;
220903;0000;8;;;
220904;0000;7;;;
220905;0000;17;;;
220906;0000;35;;;
220907;0000;36;;;
220908;0000;26;;;
220909;0000;11;;;
220910;0000;18;;;
220911;0000;21;;;
220912;0000;24;;;
220913;0000;28;;;
220914;0000;24;;;
220915;0000;27;;;
220916;0000;40;;;
220917;0000;32;;;
220918;0000;25;;;
220919;0000;24;;;
220920;0000;50;;;
220921;0000;28;;;
220922;0000;31;;;
220923;0000;21;;;
220924;0000;16;;;
220925;0000;16;;;
220926;0000;13;;;
220927;0000;17;;;
220928;0000;22;;;
220929;0000;20;;;
220930;0000;28;;;
221001;0000;43;;;
221002;0000;82;;;
221003;0000;56;;;
221004;0000;12;;;
221005;0000;10;;;
221006;0000;10;;;
221007;0000;15;;;
221008;0000;16;;;
221009;0000;7;;;
221010;0000;6;;;
221011;0000;10;;;
221012;0000;10;;;
221013;0000;14;;;
221014;0000;;;;
221015;0000;;;;
221016;0000;;;;
221017;0000;27;;;
221018;0000;16;;;
221019;0000;9;;;
221020;0000;10;;;
221021;0000;14;;;
221022;0000;19;;;
221023;0000;16;;;
221024;0000;8;;;
221025;0000;14;;;
221026;0000;10;;;
221027;0000;9;;;
221028;0000;12;;;
221029;0000;14;;;
221030;0000;21;;;
221031;0000;14;;;
221101;0000;11;;;
221102;0000;21;;;
221103;0000;21;;;
221104;0000;15;;;
221105;0000;11;;;
221106;0000;10;;;
221107;0000;14;;;
221108;0000;6;;;
221109;0000;9;;;
221110;0000;11;;;
221111;0000;10;;;
221112;0000;8;;;
221113;0000;7;;;
221114;0000;9;;;
221115;0000;9;;;
221116;0000;10;;;
221117;0000;10;;;
221118;0000;7;;;
221119;0000;11;;;
221120;0000;11;;;
221121;0000;9;;;
221122;0000;4;;;
221123;0000;;;13;
221124;0000;;;6;
221125;0000;;;7;
221126;0000;;;5;
221127;0000;;;5;
221128;0000;5;;;
221129;0000;4;;;
221130;0000;3;;;
221201;0000;4;;;
221202;0000;8;;;
221203;0000;7;;;
221204;0000;9;;;
221205;0000;11;;;
221206;0000;7;;;
221207;0000;12;;;
221208;0000;5;;;
221209;0000;10;;;
221210;0000;20;;;
221211;0000;5;;;
221212;0000;3;;;
221213;0000;4;;;
221214;0000;4;;;
221215;0000;6;;;
221216;0000;7;;;
221217;0000;4;;;
221218;0000;4;;;
221219;0000;9;;;
221220;0000;8;;;
221221;0000;7;;;
221222;0000;5;;;
221223;0000;6;;;
221224;0000;5;;;
221225;0000;3;;;
221226;0000;5;;;
221227;0000;5;;;
221228;0000;4;;;
221229;0000;3;;;
221230;0000;3;;;
221231;0000;4;;;
230101;0000;4;;;
230102;0000;2;;;
230103;0000;1;;;
230104;0000;4;;;
230105;0000;2;;;
230106;0000;3;;;
230107;0000;5;;;
230108;0000;5;;;
230109;0000;4;;;
230110;0000;13;;;
230111;0000;8;;;
230112;0000;7;;;
230113;0000;3;;;
230114;0000;4;;;
230115;0000;4;;;
230116;0000;5;;;
230117;0000;4;;;
230118;0000;6;;;
230119;0000;8;;;
230120;0000;3;;;
230121;0000;2;;;
230122;0000;2;;;
230123;0000;5;;;
230124;0000;3;;;
230125;0000;3;;;
230126;0000;2;;;
230127;0000;3;;;
230128;0000;4;;;
230129;0000;2;;;
230130;0000;4;;;
230131;0000;5;;;
230201;0000;3;;;
230202;0000;3;;;
230203;0000;3;;;
230204;0000;2;;;
230205;0000;4;;;
230206;0000;4;;;
230207;0000;4;;;
230208;0000;2;;;
230209;0000;3;;;
230210;0000;3;;;
230211;0000;3;;;
230212;0000;5;;;
230213;0000;7;;;
230214;0000;5;;;
230215;0000;4;;;
230216;0000;12;;;
230217;0000;8;;;
230218;0000;2;;;
230219;0000;2;;;
230220;0000;3;;;
230221;0000;2;;;
230222;0000;2;;;
230223;0000;2;;;
230224;0000;6;;;
230225;0000;5;;;
230226;0000;2;;;
230227;0000;1;;;
230228;0000;3;;;
230301;0000;2;;;
230302;0000;3;;;
230303;0000;6;;;
230304;0000;9;;;
230305;0000;9;;;
230306;0000;9;;;
230307;0000;16;;;
230308;0000;15;;;
230309;0000;10;;;
230310;0000;17;;;
230311;0000;25;;;
230312;0000;5;;;
230313;0000;9;;;
230314;0000;12;;;
230315;0000;8;;;
230316;0000;22;;;
230317;0000;20;;;
230318;0000;23;;;
230319;0000;16;;;
230320;0000;27;;;
230321;0000;26;;;
230322;0000;10;;;
230323;0000;10;;;
230324;0000;10;;;
230325;0000;31;;;
230326;0000;13;;;
230327;0000;14;;;
230328;0000;27;;;
230329;0000;20;;;
230330;0000;27;;;
230331;0000;46;;;
230401;0000;24;;;
230402;0000;17;;;
230403;0000;18;;;
230404;0000;29;;;
230405;0000;35;;;
230406;0000;19;;;
230407;0000;32;;;
230408;0000;21;;;
230409;0000;12;;;
230410;0000;117;;;
230411;0000;108;;;
230412;0000;96;;;
230413;0000;154;;;
230414;0000;67;;;
230415;0000;54;;;
230416;0000;39;;;
230417;0000;21;;;
230418;0000;9;;;
230419;0000;19;;;
230420;0000;15;;;
230421;0000;20;;;
230422;0000;25;;;
230423;0000;57;;;
230424;0000;30;;;
230425;0000;31;;;
230426;0000;53;;;
230427;0000;44;;;
230428;0000;47;;;
230429;0000;9;;;
230430;0000;14;;;
230501;0000;19;;;
230502;0000;24;;;
230503;0000;8;;;
230504;0000;20;;;
230505;0000;12;;;
230506;0000;25;;;
230507;0000;22;;;
230508;0000;18;;;
230509;0000;39;;;
230510;0000;73;;;
230511;0000;19;;;
230512;0000;37;;;
230513;0000;33;;;
230514;0000;101;;;
230515;0000;33;;;
230516;0000;16;;;
230517;0000;11;;;
230518;0000;30;;;
230519;0000;38;;;
230520;0000;93;;;
230521;0000;61;;;
230522;0000;136;;;
230523;0000;99;;;
230524;0000;60;;;
230525;0000;33;;;
230526;0000;47;;;
230527;0000;;;31;
230528;0000;;;77;
230529;0000;52;;;
230530;0000;51;;;
230531;0000;25;;;
230601;0000;73;;;
230602;0000;53;;;
230603;0000;48;;;
230604;0000;45;;;
230605;0000;52;;;
230606;0000;19;;;
230607;0000;34;;;
230608;0000;33;;;
230609;0000;72;;;
230610;0000;55;;;
230611;0000;27;;;
230612;0000;45;;;
230613;0000;81;;;
230614;0000;26;;;
230615;0000;73;;;
230616;0000;147;;;
230617;0000;80;;;
230618;0000;106;;;
230619;0000;358;;;
230620;0000;284;;;
230621;0000;156;;;
230622;0000;54;;;
230623;0000;76;;;
230624;0000;135;;;
230625;0000;109;;;
230626;0000;64;;;
230627;0000;169;;;
230628;0000;168;;;
230629;0000;132;;;
230630;0000;187;;;
230701;0000;182;;;
230702;0000;71;;;
230703;0000;47;;;
230704;0000;49;;;
230705;0000;43;;;
230706;0000;48;;;
230707;0000;89;;;
230708;0000;75;;;
230709;0000;93;;;
230710;0000;47;;;
230711;0000;58;;;
230712;0000;112;;;
230713;0000;165;;;
230714;0000;107;;;
230715;0000;44;;;
230716;0000;93;;;
230717;0000;99;;;
230718;0000;91;;;
230719;0000;142;;;
230720;0000;119;;;
230721;0000;55;;;
230722;0000;59;;;
230723;0000;75;;;
230724;0000;87;;;
230725;0000;172;;;
230726;0000;96;;;
230727;0000;96;;;
230728;0000;97;;;
230729;0000;14;;;
230730;0000;73;;;
230731;0000;83;;;
230801;0000;16;;;
230802;0000;14;;;
230803;0000;10;;;
230804;0000;16;;;
230805;0000;26;;;
230806;0000;29;;;
230807;0000;165;;;
230808;0000;70;;;
230809;0000;72;;;
230810;0000;41;;;
230811;0000;41;;;
230812;0000;125;;;
230813;0000;93;;;
230814;0000;44;;;
230815;0000;31;;;
230816;0000;60;;;
230817;0000;104;;;
230818;0000;107;;;
230819;0000;72;;;
230820;0000;67;;;
230821;0000;48;;;
230822;0000;17;;;
230823;0000;14;;;
230824;0000;20;;;
230825;0000;30;;;
230826;0000;16;;;
230827;0000;23;;;
230828;0000;19;;;
230829;0000;26;;;
230830;0000;18;;;
230831;0000;38;;;
230901;0000;19;;;
230902;0000;34;;;
230903;0000;61;;;
230904;0000;75;;;
230905;0000;69;;;
230906;0000;78;;;
230907;0000;55;;;
230908;0000;49;;;
230909;0000;56;;;
230910;0000;26;;;
230911;0000;23;;;
230912;0000;20;;;
230913;0000;18;;;
230914;0000;14;;;
230915;0000;27;;;
230916;0000;23;;;
230917;0000;25;;;
230918;0000;38;;;
230919;0000;93;;;
230920;0000;131;;;
230921;0000;66;;;
230922;0000;44;;;
230923;0000;35;;;
230924;0000;59;;;
230925;0000;34;;;
230926;0000;7;;;
230927;0000;22;;;
230928;0000;38;;;
230929;0000;30;;;
230930;0000;26;;;
231001;0000;13;;;
231002;0000;21;;;
231003;0000;;;22;
231004;0000;;;14;
231005;0000;;;3;
231006;0000;;;3;
231007;0000;;;;
231008;0000;11;;;
231009;0000;16;;;
231010;0000;45;;;
231011;0000;23;;;
231012;0000;17;;;
231013;0000;29;;;
231014;0000;26;;;
231015;0000;10;;;
231016;0000;16;;;
231017;0000;24;;;
231018;0000;19;;;
231019;0000;7;;;
231020;0000;18;;;
231021;0000;19;;;
231022;0000;19;;;
231023;0000;43;;;
231024;0000;9;;;
231025;0000;10;;;
231026;0000;5;;;
231027;0000;11;;;
231028;0000;21;;;
231029;0000;24;;;
231030;0000;42;;;
231031;0000;29;;;
231101;0000;41;;;
231102;0000;13;;;
231103;0000;8;;;
231104;0000;15;;;
231105;0000;24;;;
231106;0000;21;;;
231107;0000;13;;;
231108;0000;9;;;
231109;0000;12;;;
231110;0000;18;;;
231111;0000;8;;;
231112;0000;7;;;
231113;0000;13;;;
231114;0000;10;;;
231115;0000;11;;;
231116;0000;6;;;
231117;0000;8;;;
231118;0000;11;;;
231119;0000;20;;;
231120;0000;13;;;
231121;0000;10;;;
231122;0000;6;;;
231123;0000;8;;;
231124;0000;12;;;
231125;0000;6;;;
231126;0000;10;;;
231127;0000;13;;;
231128;0000;7;;;
231129;0000;11;;;
231130;0000;9;;;
231201;0000;11;;;
231202;0000;10;;;
231203;0000;7;;;
231204;0000;10;;;
231205;0000;6;;;
231206;0000;7;;;
231207;0000;9;;;
231208;0000;8;;;
231209;0000;3;;;
231210;0000;4;;;
231211;0000;7;;;
231212;0000;6;;;
231213;0000;4;;;
231214;0000;7;;;
231215;0000;16;;;
231216;0000;14;;;
231217;0000;25;;;
231218;0000;16;;;
231219;0000;10;;;
231220;0000;8;;;
231221;0000;4;;;
231222;0000;4;;;
231223;0000;4;;;
231224;0000;4;;;
231225;0000;4;;;
231226;0000;6;;;
231227;0000;3;;;
231228;0000;4;;;
231229;0000;7;;;
231230;0000;4;;;
231231;0000;4;;;
240101;0000;;4;;
240102;0000;;4;;
240103;0000;;4;;
240104;0000;;10;;
240105;0000;;6;;
240106;0000;;4;;
240107;0000;;5;;
240108;0000;;4;;
240109;0000;;5;;
240110;0000;;10;;
240111;0000;;12;;
240112;0000;;8;;
240113;0000;;3;;
240114;0000;;3;;
240115;0000;;6;;
240116;0000;;6;;
240117;0000;;6;;
240118;0000;;6;;
240119;0000;;10;;
240120;0000;;13;;
240121;0000;;17;;
240122;0000;;5;;
240123;0000;;3;;
240124;0000;;2;;
240125;0000;;4;;
240126;0000;;6;;
240127;0000;;5;;
240128;0000;;14;;
240129;0000;;4;;
240130;0000;;8;;
240131;0000;;5;;
240201;0000;;3;;
240202;0000;;4;;
240203;0000;;5;;
240204;0000;;3;;
240205;0000;;3;;
240206;0000;;4;;
240207;0000;;4;;
240208;0000;;6;;
240209;0000;;6;;
240210;0000;;4;;
240211;0000;;8;;
240212;0000;;11;;
240213;0000;;10;;
240214;0000;;7;;
240215;0000;;7;;
240216;0000;;8;;
240217;0000;;3;;
240218;0000;;4;;
240219;0000;;4;;
240220;0000;;7;;
240221;0000;;5;;
240222;0000;;7;;
240223;0000;;14;;
240224;0000;;13;;
240225;0000;;7;;
240226;0000;;9;;
240227;0000;;7;;
240228;0000;;7;;
240229;0000;;12;;
240301;0000;;8;;
240302;0000;;12;;
240303;0000;;12;;
240304;0000;;35;;
240305;0000;;26;;
240306;0000;;8;;
240307;0000;;20;;
240308;0000;;17;;
240309;0000;;13;;
240310;0000;;8;;
240311;0000;;18;;
240312;0000;;7;;
240313;0000;;24;;
240314;0000;;11;;
240315;0000;;14;;
240316;0000;;9;;
240317;0000;;7;;
240318;0000;;12;;
240319;0000;;26;;
240320;0000;;17;;
240321;0000;;25;;
240322;0000;;52;;
240323;0000;;45;;
240324;0000;;22;;
240325;0000;;23;;
240326;0000;;11;;
240327;0000;;19;;
240328;0000;;23;;
240329;0000;;10;;
240330;0000;;27;;
240331;0000;;33;;
240401;0000;;22;;
240402;0000;;33;;
240403;0000;;16;;
240404;0000;;10;;
240405;0000;;11;;
240406;0000;;8;;
240407;0000;;15;;
240408;0000;;22;;
240409;0000;;33;;
240410;0000;;103;;
240411;0000;;192;;
240412;0000;;128;;
240413;0000;;159;;
240414;0000;;86;;
240415;0000;;36;;
240416;0000;;18;;
240417;0000;;27;;
240418;0000;;39;;
240419;0000;;17;;
240420;0000;;27;;
240421;0000;;99;;
240422;0000;;111;;
240423;0000;;65;;
240424;0000;;64;;
240425;0000;;37;;
240426;0000;;24;;
240427;0000;;19;;
240428;0000;;24;;
240429;0000;;35;;
240430;0000;;40;;
240501;0000;;106;;
240502;0000;;55;;
240503;0000;;44;;
240504;0000;;52;;
240505;0000;;36;;
240506;0000;;76;;
240507;0000;;92;;
240508;0000;;59;;
240509;0000;;64;;
240510;0000;;89;;
